team,market_team,event_slug,market_slug,yes_price,no_price,last_trade_price,best_bid,best_ask,volume,liquidity,market_probability
France,France,world-cup-winner,will-france-win-the-2026-fifa-world-cup-924,0.3415,0.6585,0.341,0.341,0.342,89692239.32177551,7373718.19046,0.3415
Argentina,Argentina,world-cup-winner,will-argentina-win-the-2026-fifa-world-cup-245,0.1925,0.8075,0.193,0.192,0.193,92024286.70522155,9007164.3718,0.1925
Spain,Spain,world-cup-winner,will-spain-win-the-2026-fifa-world-cup-963,0.1225,0.8775,0.122,0.122,0.123,80577811.92319459,8589744.36609,0.1225
England,England,world-cup-winner,will-england-win-the-2026-fifa-world-cup-937,0.0725,0.9275,0.072,0.072,0.073,73255116.57463762,5449682.19929,0.0725
Brazil,Brazil,world-cup-winner,will-brazil-win-the-2026-fifa-world-cup-183,0.0625,0.9375,0.063,0.062,0.063,73859420.74993414,4636564.66269,0.0625
Portugal,Portugal,world-cup-winner,will-portugal-win-the-2026-fifa-world-cup-912,0.062,0.938,0.063,0.061,0.063,92992653.931975,3687110.80074,0.062
Mexico,Mexico,world-cup-winner,will-mexico-win-the-2026-fifa-world-cup-529,0.0325,0.9675,0.032,0.032,0.033,122922886.18834941,1124168.924,0.0325
United States,USA,world-cup-winner,will-usa-win-the-2026-fifa-world-cup-467,0.0255,0.9745,0.025,0.025,0.026,124972470.62912878,2974670.31352,0.0255
Colombia,Colombia,world-cup-winner,will-colombia-win-the-2026-fifa-world-cup-734,0.0245,0.9755,0.024,0.024,0.025,88359096.40439759,2080760.14767,0.0245
Morocco,Morocco,world-cup-winner,will-morocco-win-the-2026-fifa-world-cup-464,0.0235,0.9765,0.023,0.023,0.024,114380164.31131448,1949802.36323,0.0235
Norway,Norway,world-cup-winner,will-norway-win-the-2026-fifa-world-cup-893,0.0185,0.9815,0.018,0.018,0.019,91991957.26591448,2864714.64554,0.0185
Belgium,Belgium,world-cup-winner,will-belgium-win-the-2026-fifa-world-cup-358,0.0125,0.9875,0.012,0.012,0.013,97414453.86685026,5664064.86653,0.0125
Switzerland,Switzerland,world-cup-winner,will-switzerland-win-the-2026-fifa-world-cup,0.0085,0.9915,0.008,0.008,0.009,86470184.61851464,6498359.83742,0.0085
Canada,Canada,world-cup-winner,will-canada-win-the-2026-fifa-world-cup-755,0.0025,0.9975,0.002,0.002,0.003,96392512.37025705,9448259.54575,0.0025
Australia,Australia,world-cup-winner,will-australia-win-the-2026-fifa-world-cup-816,0.0015,0.9985,0.001,0.001,0.002,83212218.87211676,13446675.17287,0.0015
Egypt,Egypt,world-cup-winner,will-egypt-win-the-2026-fifa-world-cup,0.0015,0.9985,0.001,0.001,0.002,102057113.04232664,18338440.18684,0.0015
Paraguay,Paraguay,world-cup-winner,will-paraguay-win-the-2026-fifa-world-cup-967,0.0015,0.9985,0.001,0.001,0.002,102156065.3125299,10471414.16168,0.0015
Algeria,Algeria,world-cup-winner,will-algeria-win-the-2026-fifa-world-cup,0.0005,0.9995,0.001,,0.001,90335842.61721621,8537813.965,0.0005
Cape Verde,Cape Verde,world-cup-winner,will-cape-verde-win-the-2026-fifa-world-cup,0.0005,0.9995,0.001,,0.001,97097657.04490292,11417319.81342,0.0005
Ghana,Ghana,world-cup-winner,will-ghana-win-the-2026-fifa-world-cup,0.0005,0.9995,0.001,,0.001,87033661.95381384,14556512.1463,0.0005
Austria,Austria,world-cup-winner,will-austria-win-the-2026-fifa-world-cup,0.0,1.0,0.001,,0.001,85671553.448979,,0.0
Bosnia and Herzegovina,Bosnia-Herzegovina,world-cup-winner,will-bosnia-herzegovina-win-the-2026-fifa-world-cup,0.0,1.0,0.001,,0.001,63473942.77971768,,0.0
Croatia,Croatia,world-cup-winner,will-croatia-win-the-2026-fifa-world-cup,0.0,1.0,0.001,,0.001,109483286.88874409,,0.0
Curaçao,Curaçao,world-cup-winner,will-curaao-win-the-2026-fifa-world-cup,0.0,1.0,0.001,,0.001,44007492.74691623,,0.0
Czech Republic,Czechia,world-cup-winner,will-czechia-win-the-2026-fifa-world-cup,0.0,1.0,0.001,,0.001,57485266.93301565,,0.0
DR Congo,Congo DR,world-cup-winner,will-congo-dr-win-the-2026-fifa-world-cup,0.0,1.0,0.001,,0.001,96120346.28892957,,0.0
Ecuador,Ecuador,world-cup-winner,will-ecuador-win-the-2026-fifa-world-cup-986,0.0,1.0,0.001,,0.001,96888032.22035679,,0.0
Germany,Germany,world-cup-winner,will-germany-win-the-2026-fifa-world-cup-467,0.0,1.0,0.001,,0.001,80873590.38103242,,0.0
Haiti,Haiti,world-cup-winner,will-haiti-win-the-2026-fifa-world-cup,0.0,1.0,0.001,,0.001,33265926.54182009,,0.0
Iran,Iran,world-cup-winner,will-iran-win-the-2026-fifa-world-cup-788,0.0,1.0,0.001,,0.001,62233146.37678978,,0.0
Iraq,Iraq,world-cup-winner,will-iraq-win-the-2026-fifa-world-cup,0.0,1.0,0.001,,0.001,30615070.59271094,,0.0
Italy,Italy,world-cup-winner,will-italy-win-the-2026-fifa-world-cup-813,0.0,1.0,0.001,,0.001,8666273.297316846,,0.0
Ivory Coast,Ivory Coast,world-cup-winner,will-ivory-coast-win-the-2026-fifa-world-cup,0.0,1.0,0.001,,0.001,111749187.63597094,,0.0
Japan,Japan,world-cup-winner,will-japan-win-the-2026-fifa-world-cup-112,0.0,1.0,0.001,,0.001,95790683.29305987,,0.0
Jordan,Jordan,world-cup-winner,will-jordan-win-the-2026-fifa-world-cup-233,0.0,1.0,0.001,,0.001,33082576.34188277,,0.0
Netherlands,Netherlands,world-cup-winner,will-netherlands-win-the-2026-fifa-world-cup-739,0.0,1.0,0.001,,0.001,77727053.21317497,,0.0
New Zealand,New Zealand,world-cup-winner,will-new-zealand-win-the-2026-fifa-world-cup-635,0.0,1.0,0.001,,0.001,47529246.662645176,,0.0
Other,Other,world-cup-winner,will-any-other-team-win-the-2026-fifa-world-cup-541-319-294-845-754-317-243-911-472-778-811-233-235-839-426-488,,,0.0,0.0,1.0,0.0,0.0,0.0
Panama,Panama,world-cup-winner,will-team-z-win-the-2026-fifa-world-cup-316,0.0,1.0,0.001,,0.001,20049174.385756884,,0.0
Peru,Peru,world-cup-winner,will-peru-win-the-2026-fifa-world-cup-981,0.0,1.0,1.0,,0.001,264589.508269,,0.0
Qatar,Qatar,world-cup-winner,will-qatar-win-the-2026-fifa-world-cup,0.0,1.0,0.001,,0.001,45097302.84833185,,0.0
Saudi Arabia,Saudi Arabia,world-cup-winner,will-saudi-arabia-win-the-2026-fifa-world-cup,0.0,1.0,0.001,,0.001,57271836.512883715,,0.0
Scotland,Scotland,world-cup-winner,will-scotland-win-the-2026-fifa-world-cup,0.0,1.0,0.001,,0.001,67943136.59193021,,0.0
Senegal,Senegal,world-cup-winner,will-senegal-win-the-2026-fifa-world-cup,0.0,1.0,0.001,,0.001,80692765.78550497,,0.0
South Africa,South Africa,world-cup-winner,will-south-africa-win-the-2026-fifa-world-cup,0.0,1.0,0.001,,0.001,46577445.48789424,,0.0
South Korea,South Korea,world-cup-winner,will-south-korea-win-the-2026-fifa-world-cup-485,0.0,1.0,0.001,,0.001,107521229.19240354,,0.0
Sweden,Sweden,world-cup-winner,will-sweden-win-the-2026-fifa-world-cup,0.0,1.0,0.001,,0.001,77544086.61694826,,0.0
Team AG,Team AG,world-cup-winner,will-team-ag-win-the-2026-fifa-world-cup,,,0.0,0.0,1.0,0.0,0.0,0.0
Team AH,Team AH,world-cup-winner,will-team-ah-win-the-2026-fifa-world-cup,,,0.0,0.0,1.0,0.0,0.0,0.0
Team AI,Team AI,world-cup-winner,will-team-ai-win-the-2026-fifa-world-cup,,,0.0,0.0,1.0,0.0,0.0,0.0
Team AJ,Team AJ,world-cup-winner,will-team-aj-win-the-2026-fifa-world-cup,,,0.0,0.0,1.0,0.0,0.0,0.0
Team AK,Team AK,world-cup-winner,will-team-ak-win-the-2026-fifa-world-cup,,,0.0,0.0,1.0,0.0,0.0,0.0
Team AL,Team AL,world-cup-winner,will-team-al-win-the-2026-fifa-world-cup,,,0.0,0.0,1.0,0.0,0.0,0.0
Team AM,Team AM,world-cup-winner,will-team-am-win-the-2026-fifa-world-cup,,,0.0,0.0,1.0,0.0,0.0,0.0
Team AN,Team AN,world-cup-winner,will-team-an-win-the-2026-fifa-world-cup,,,0.0,0.0,1.0,0.0,0.0,0.0
Team AO,Team AO,world-cup-winner,will-team-ao-win-the-2026-fifa-world-cup,,,0.0,0.0,1.0,0.0,0.0,0.0
Tunisia,Tunisia,world-cup-winner,will-tunisia-win-the-2026-fifa-world-cup-165,0.0,1.0,0.001,,0.001,36470355.983686015,,0.0
Turkiye,Turkiye,world-cup-winner,will-turkiye-win-the-2026-fifa-world-cup,0.0,1.0,0.001,,0.001,61684097.10867325,,0.0
Uruguay,Uruguay,world-cup-winner,will-uruguay-win-the-2026-fifa-world-cup-932,0.0,1.0,0.001,,0.001,78019361.83129518,,0.0
Uzbekistan,Uzbekistan,world-cup-winner,will-uzbekistan-win-the-2026-fifa-world-cup-773,0.0,1.0,0.001,,0.001,61524249.26841759,,0.0
