snapshot_ts,team,model_champion,market_champion
2026-06-14T21:28Z,Argentina,0.208,0.0785
2026-06-14T21:28Z,Spain,0.231,0.1635
2026-06-14T21:28Z,Morocco,0.038,0.0205
2026-06-14T21:28Z,England,0.113,0.0965
2026-06-14T21:28Z,Belgium,0.033,0.0195
2026-06-14T21:28Z,Croatia,0.015,0.0085
2026-06-14T21:28Z,Colombia,0.017,0.0155
2026-06-14T21:28Z,Ecuador,0.008,0.0075
2026-06-14T21:28Z,Ivory Coast,0.004,0.0035
2026-06-14T21:28Z,Senegal,0.006,0.0065
2026-06-14T21:28Z,Australia,0.003,0.0035
2026-06-14T21:28Z,Canada,0.002,0.0025
2026-06-14T21:28Z,Algeria,0.001,0.0015
2026-06-14T21:28Z,Iran,0.001,0.0015
2026-06-14T21:28Z,Cape Verde,0.0,0.0005
2026-06-14T21:28Z,Curaçao,0.0,0.0005
2026-06-14T21:28Z,Haiti,0.0,0.0005
2026-06-14T21:28Z,Iraq,0.0,0.0005
2026-06-14T21:28Z,Jordan,0.0,0.0005
2026-06-14T21:28Z,New Zealand,0.0,0.0005
2026-06-14T21:28Z,Panama,0.0,0.0005
2026-06-14T21:28Z,Qatar,0.0,0.0005
2026-06-14T21:28Z,Saudi Arabia,0.0,0.0005
2026-06-14T21:28Z,South Africa,0.0,0.0005
2026-06-14T21:28Z,Tunisia,0.0,0.0005
2026-06-14T21:28Z,Uzbekistan,0.0,0.0005
2026-06-14T21:28Z,Bosnia and Herzegovina,0.0,0.0015
2026-06-14T21:28Z,Czech Republic,0.0,0.0015
2026-06-14T21:28Z,DR Congo,0.0,0.0015
2026-06-14T21:28Z,Egypt,0.0,0.0015
2026-06-14T21:28Z,Ghana,0.0,0.0015
2026-06-14T21:28Z,Paraguay,0.0,0.0015
2026-06-14T21:28Z,Scotland,0.0,0.0025
2026-06-14T21:28Z,Austria,0.001,0.0045
2026-06-14T21:28Z,South Korea,0.001,0.0045
2026-06-14T21:28Z,Sweden,0.0,0.0035
2026-06-14T21:28Z,Japan,0.01,0.0145
2026-06-14T21:28Z,Switzerland,0.003,0.0095
2026-06-14T21:28Z,Uruguay,0.002,0.0085
2026-06-14T21:28Z,Brazil,0.056,0.0675
2026-06-14T21:28Z,Norway,0.013,0.0255
2026-06-14T21:28Z,Mexico,0.001,0.0135
2026-06-14T21:28Z,Netherlands,0.039,0.0525
2026-06-14T21:28Z,United States,0.002,0.0205
2026-06-14T21:28Z,Germany,0.031,0.0605
2026-06-14T21:28Z,Portugal,0.064,0.1125
2026-06-14T21:28Z,France,0.097,0.1645
2026-06-14T21:38Z,Argentina,0.208,0.0785
2026-06-14T21:38Z,Spain,0.231,0.1635
2026-06-14T21:38Z,Morocco,0.038,0.0205
2026-06-14T21:38Z,England,0.113,0.0965
2026-06-14T21:38Z,Belgium,0.033,0.0195
2026-06-14T21:38Z,Croatia,0.015,0.0085
2026-06-14T21:38Z,Colombia,0.017,0.0155
2026-06-14T21:38Z,Ecuador,0.008,0.0075
2026-06-14T21:38Z,Ivory Coast,0.004,0.0035
2026-06-14T21:38Z,Senegal,0.006,0.0065
2026-06-14T21:38Z,Australia,0.003,0.0035
2026-06-14T21:38Z,Canada,0.002,0.0025
2026-06-14T21:38Z,Algeria,0.001,0.0015
2026-06-14T21:38Z,Iran,0.001,0.0015
2026-06-14T21:38Z,Cape Verde,0.0,0.0005
2026-06-14T21:38Z,Curaçao,0.0,0.0005
2026-06-14T21:38Z,Haiti,0.0,0.0005
2026-06-14T21:38Z,Iraq,0.0,0.0005
2026-06-14T21:38Z,Jordan,0.0,0.0005
2026-06-14T21:38Z,New Zealand,0.0,0.0005
2026-06-14T21:38Z,Panama,0.0,0.0005
2026-06-14T21:38Z,Qatar,0.0,0.0005
2026-06-14T21:38Z,Saudi Arabia,0.0,0.0005
2026-06-14T21:38Z,South Africa,0.0,0.0005
2026-06-14T21:38Z,Tunisia,0.0,0.0005
2026-06-14T21:38Z,Uzbekistan,0.0,0.0005
2026-06-14T21:38Z,Bosnia and Herzegovina,0.0,0.0015
2026-06-14T21:38Z,Czech Republic,0.0,0.0015
2026-06-14T21:38Z,DR Congo,0.0,0.0015
2026-06-14T21:38Z,Egypt,0.0,0.0015
2026-06-14T21:38Z,Ghana,0.0,0.0015
2026-06-14T21:38Z,Paraguay,0.0,0.0015
2026-06-14T21:38Z,Scotland,0.0,0.0025
2026-06-14T21:38Z,Austria,0.001,0.0045
2026-06-14T21:38Z,South Korea,0.001,0.0045
2026-06-14T21:38Z,Sweden,0.0,0.0035
2026-06-14T21:38Z,Japan,0.01,0.0155
2026-06-14T21:38Z,Switzerland,0.003,0.0095
2026-06-14T21:38Z,Uruguay,0.002,0.0085
2026-06-14T21:38Z,Mexico,0.001,0.0125
2026-06-14T21:38Z,Brazil,0.056,0.0675
2026-06-14T21:38Z,Norway,0.013,0.0255
2026-06-14T21:38Z,Netherlands,0.039,0.0525
2026-06-14T21:38Z,United States,0.002,0.0205
2026-06-14T21:38Z,Germany,0.031,0.0605
2026-06-14T21:38Z,Portugal,0.064,0.1125
2026-06-14T21:38Z,France,0.097,0.1645
2026-06-14T21:50Z,Argentina,0.218,0.0785
2026-06-14T21:50Z,Spain,0.218,0.1635
2026-06-14T21:50Z,England,0.122,0.0965
2026-06-14T21:50Z,Belgium,0.032,0.0195
2026-06-14T21:50Z,Morocco,0.032,0.0205
2026-06-14T21:50Z,Croatia,0.02,0.0085
2026-06-14T21:50Z,Ecuador,0.01,0.0075
2026-06-14T21:50Z,Ivory Coast,0.006,0.0035
2026-06-14T21:50Z,Colombia,0.016,0.0155
2026-06-14T21:50Z,Algeria,0.002,0.0015
2026-06-14T21:50Z,Cape Verde,0.0,0.0005
2026-06-14T21:50Z,Curaçao,0.0,0.0005
2026-06-14T21:50Z,Haiti,0.0,0.0005
2026-06-14T21:50Z,Iraq,0.0,0.0005
2026-06-14T21:50Z,Jordan,0.0,0.0005
2026-06-14T21:50Z,New Zealand,0.0,0.0005
2026-06-14T21:50Z,Panama,0.0,0.0005
2026-06-14T21:50Z,Qatar,0.0,0.0005
2026-06-14T21:50Z,Saudi Arabia,0.0,0.0005
2026-06-14T21:50Z,South Africa,0.0,0.0005
2026-06-14T21:50Z,Tunisia,0.0,0.0005
2026-06-14T21:50Z,Uzbekistan,0.0,0.0005
2026-06-14T21:50Z,Japan,0.014,0.0145
2026-06-14T21:50Z,Bosnia and Herzegovina,0.0,0.0015
2026-06-14T21:50Z,Czech Republic,0.0,0.0015
2026-06-14T21:50Z,DR Congo,0.0,0.0015
2026-06-14T21:50Z,Egypt,0.0,0.0015
2026-06-14T21:50Z,Ghana,0.0,0.0015
2026-06-14T21:50Z,Iran,0.0,0.0015
2026-06-14T21:50Z,Paraguay,0.0,0.0015
2026-06-14T21:50Z,Senegal,0.004,0.0065
2026-06-14T21:50Z,Austria,0.002,0.0045
2026-06-14T21:50Z,Canada,0.0,0.0025
2026-06-14T21:50Z,Scotland,0.0,0.0025
2026-06-14T21:50Z,Australia,0.0,0.0035
2026-06-14T21:50Z,Sweden,0.0,0.0035
2026-06-14T21:50Z,South Korea,0.0,0.0045
2026-06-14T21:50Z,Uruguay,0.004,0.0085
2026-06-14T21:50Z,Switzerland,0.002,0.0085
2026-06-14T21:50Z,Brazil,0.06,0.0675
2026-06-14T21:50Z,Netherlands,0.042,0.0545
2026-06-14T21:50Z,Mexico,0.0,0.0125
2026-06-14T21:50Z,Norway,0.01,0.0255
2026-06-14T21:50Z,United States,0.002,0.0205
2026-06-14T21:50Z,Germany,0.028,0.0605
2026-06-14T21:50Z,Portugal,0.06,0.1125
2026-06-14T21:50Z,France,0.096,0.1645
2026-06-14T22:07Z,Argentina,0.216,0.0785
2026-06-14T22:07Z,Spain,0.23,0.1635
2026-06-14T22:07Z,Morocco,0.042,0.0205
2026-06-14T22:07Z,Colombia,0.03,0.0155
2026-06-14T22:07Z,England,0.106,0.0965
2026-06-14T22:07Z,Belgium,0.028,0.0195
2026-06-14T22:07Z,Australia,0.006,0.0035
2026-06-14T22:07Z,Algeria,0.004,0.0015
2026-06-14T22:07Z,Senegal,0.008,0.0065
2026-06-14T22:07Z,Canada,0.002,0.0025
2026-06-14T22:07Z,Cape Verde,0.0,0.0005
2026-06-14T22:07Z,Curaçao,0.0,0.0005
2026-06-14T22:07Z,Haiti,0.0,0.0005
2026-06-14T22:07Z,Iraq,0.0,0.0005
2026-06-14T22:07Z,Jordan,0.0,0.0005
2026-06-14T22:07Z,New Zealand,0.0,0.0005
2026-06-14T22:07Z,Panama,0.0,0.0005
2026-06-14T22:07Z,Qatar,0.0,0.0005
2026-06-14T22:07Z,Saudi Arabia,0.0,0.0005
2026-06-14T22:07Z,South Africa,0.0,0.0005
2026-06-14T22:07Z,Tunisia,0.0,0.0005
2026-06-14T22:07Z,Uzbekistan,0.0,0.0005
2026-06-14T22:07Z,Switzerland,0.008,0.0085
2026-06-14T22:07Z,Ivory Coast,0.002,0.0035
2026-06-14T22:07Z,Sweden,0.002,0.0035
2026-06-14T22:07Z,Bosnia and Herzegovina,0.0,0.0015
2026-06-14T22:07Z,Czech Republic,0.0,0.0015
2026-06-14T22:07Z,DR Congo,0.0,0.0015
2026-06-14T22:07Z,Egypt,0.0,0.0015
2026-06-14T22:07Z,Ghana,0.0,0.0015
2026-06-14T22:07Z,Iran,0.0,0.0015
2026-06-14T22:07Z,Paraguay,0.0,0.0015
2026-06-14T22:07Z,Brazil,0.066,0.0675
2026-06-14T22:07Z,Austria,0.002,0.0045
2026-06-14T22:07Z,South Korea,0.002,0.0045
2026-06-14T22:07Z,Scotland,0.0,0.0025
2026-06-14T22:07Z,Croatia,0.006,0.0085
2026-06-14T22:07Z,Uruguay,0.006,0.0085
2026-06-14T22:07Z,Ecuador,0.002,0.0075
2026-06-14T22:07Z,Japan,0.01,0.0195
2026-06-14T22:07Z,Mexico,0.002,0.0125
2026-06-14T22:07Z,Norway,0.01,0.0245
2026-06-14T22:07Z,United States,0.0,0.0205
2026-06-14T22:07Z,Netherlands,0.026,0.0515
2026-06-14T22:07Z,Portugal,0.078,0.1125
2026-06-14T22:07Z,Germany,0.024,0.0605
2026-06-14T22:07Z,France,0.082,0.1645
2026-06-14T22:11Z,Argentina,0.2025,0.0785
2026-06-14T22:11Z,Morocco,0.051,0.0205
2026-06-14T22:11Z,Belgium,0.048,0.0195
2026-06-14T22:11Z,Colombia,0.041,0.0155
2026-06-14T22:11Z,Brazil,0.0805,0.0675
2026-06-14T22:11Z,Ecuador,0.019,0.0075
2026-06-14T22:11Z,Uruguay,0.0135,0.0085
2026-06-14T22:11Z,Croatia,0.011,0.0085
2026-06-14T22:11Z,Australia,0.005,0.0035
2026-06-14T22:11Z,Switzerland,0.01,0.0085
2026-06-14T22:11Z,Canada,0.0035,0.0025
2026-06-14T22:11Z,Austria,0.005,0.0045
2026-06-14T22:11Z,Ivory Coast,0.004,0.0035
2026-06-14T22:11Z,Algeria,0.002,0.0015
2026-06-14T22:11Z,Senegal,0.0065,0.0065
2026-06-14T22:11Z,Egypt,0.0015,0.0015
2026-06-14T22:11Z,Uzbekistan,0.0005,0.0005
2026-06-14T22:11Z,Czech Republic,0.001,0.0015
2026-06-14T22:11Z,DR Congo,0.001,0.0015
2026-06-14T22:11Z,Iran,0.001,0.0015
2026-06-14T22:11Z,Paraguay,0.001,0.0015
2026-06-14T22:11Z,Cape Verde,0.0,0.0005
2026-06-14T22:11Z,Curaçao,0.0,0.0005
2026-06-14T22:11Z,Haiti,0.0,0.0005
2026-06-14T22:11Z,Iraq,0.0,0.0005
2026-06-14T22:11Z,Jordan,0.0,0.0005
2026-06-14T22:11Z,New Zealand,0.0,0.0005
2026-06-14T22:11Z,Panama,0.0,0.0005
2026-06-14T22:11Z,Qatar,0.0,0.0005
2026-06-14T22:11Z,Saudi Arabia,0.0,0.0005
2026-06-14T22:11Z,South Africa,0.0,0.0005
2026-06-14T22:11Z,Tunisia,0.0,0.0005
2026-06-14T22:11Z,Bosnia and Herzegovina,0.0,0.0015
2026-06-14T22:11Z,Ghana,0.0,0.0015
2026-06-14T22:11Z,Scotland,0.0005,0.0025
2026-06-14T22:11Z,Japan,0.017,0.0195
2026-06-14T22:11Z,Sweden,0.0,0.0035
2026-06-14T22:11Z,England,0.093,0.0965
2026-06-14T22:11Z,South Korea,0.0,0.0045
2026-06-14T22:11Z,Mexico,0.0035,0.0125
2026-06-14T22:11Z,Norway,0.013,0.0245
2026-06-14T22:11Z,Spain,0.151,0.1635
2026-06-14T22:11Z,Netherlands,0.034,0.0515
2026-06-14T22:11Z,United States,0.001,0.0205
2026-06-14T22:11Z,Germany,0.0395,0.0605
2026-06-14T22:11Z,Portugal,0.0655,0.1125
2026-06-14T22:11Z,France,0.073,0.1645
2026-06-14T22:58Z,Argentina,0.221,0.0795
2026-06-14T22:58Z,Spain,0.224,0.1635
2026-06-14T22:58Z,Colombia,0.03,0.0155
2026-06-14T22:58Z,Morocco,0.034,0.0205
2026-06-14T22:58Z,Belgium,0.027,0.0195
2026-06-14T22:58Z,Senegal,0.009,0.0065
2026-06-14T22:58Z,Algeria,0.003,0.0015
2026-06-14T22:58Z,Australia,0.004,0.0035
2026-06-14T22:58Z,Ivory Coast,0.004,0.0035
2026-06-14T22:58Z,Canada,0.002,0.0025
2026-06-14T22:58Z,Egypt,0.001,0.0015
2026-06-14T22:58Z,Iran,0.001,0.0015
2026-06-14T22:58Z,Cape Verde,0.0,0.0005
2026-06-14T22:58Z,Curaçao,0.0,0.0005
2026-06-14T22:58Z,Haiti,0.0,0.0005
2026-06-14T22:58Z,Iraq,0.0,0.0005
2026-06-14T22:58Z,Jordan,0.0,0.0005
2026-06-14T22:58Z,New Zealand,0.0,0.0005
2026-06-14T22:58Z,Panama,0.0,0.0005
2026-06-14T22:58Z,Qatar,0.0,0.0005
2026-06-14T22:58Z,Saudi Arabia,0.0,0.0005
2026-06-14T22:58Z,South Africa,0.0,0.0005
2026-06-14T22:58Z,Tunisia,0.0,0.0005
2026-06-14T22:58Z,Uzbekistan,0.0,0.0005
2026-06-14T22:58Z,Switzerland,0.008,0.0085
2026-06-14T22:58Z,Bosnia and Herzegovina,0.0,0.0015
2026-06-14T22:58Z,Czech Republic,0.0,0.0015
2026-06-14T22:58Z,DR Congo,0.0,0.0015
2026-06-14T22:58Z,Ghana,0.0,0.0015
2026-06-14T22:58Z,Paraguay,0.0,0.0015
2026-06-14T22:58Z,Austria,0.002,0.0045
2026-06-14T22:58Z,Sweden,0.001,0.0035
2026-06-14T22:58Z,Scotland,0.0,0.0025
2026-06-14T22:58Z,Croatia,0.006,0.0085
2026-06-14T22:58Z,Uruguay,0.006,0.0085
2026-06-14T22:58Z,Ecuador,0.004,0.0075
2026-06-14T22:58Z,South Korea,0.001,0.0045
2026-06-14T22:58Z,England,0.093,0.0965
2026-06-14T22:58Z,Mexico,0.004,0.0125
2026-06-14T22:58Z,Brazil,0.057,0.0675
2026-06-14T22:58Z,Japan,0.007,0.0185
2026-06-14T22:58Z,Norway,0.013,0.0245
2026-06-14T22:58Z,Netherlands,0.035,0.0505
2026-06-14T22:58Z,United States,0.003,0.0205
2026-06-14T22:58Z,Portugal,0.083,0.1125
2026-06-14T22:58Z,Germany,0.023,0.0605
2026-06-14T22:58Z,France,0.094,0.1605
2026-06-14T23:42Z,Argentina,0.216,0.0785
2026-06-14T23:42Z,Spain,0.23,0.1635
2026-06-14T23:42Z,Morocco,0.042,0.0205
2026-06-14T23:42Z,Colombia,0.03,0.0155
2026-06-14T23:42Z,England,0.106,0.0965
2026-06-14T23:42Z,Belgium,0.028,0.0195
2026-06-14T23:42Z,Australia,0.006,0.0035
2026-06-14T23:42Z,Algeria,0.004,0.0015
2026-06-14T23:42Z,Senegal,0.008,0.0065
2026-06-14T23:42Z,Canada,0.002,0.0025
2026-06-14T23:42Z,Cape Verde,0.0,0.0005
2026-06-14T23:42Z,Curaçao,0.0,0.0005
2026-06-14T23:42Z,Haiti,0.0,0.0005
2026-06-14T23:42Z,Iraq,0.0,0.0005
2026-06-14T23:42Z,Jordan,0.0,0.0005
2026-06-14T23:42Z,New Zealand,0.0,0.0005
2026-06-14T23:42Z,Panama,0.0,0.0005
2026-06-14T23:42Z,Qatar,0.0,0.0005
2026-06-14T23:42Z,Saudi Arabia,0.0,0.0005
2026-06-14T23:42Z,South Africa,0.0,0.0005
2026-06-14T23:42Z,Tunisia,0.0,0.0005
2026-06-14T23:42Z,Uzbekistan,0.0,0.0005
2026-06-14T23:42Z,Switzerland,0.008,0.0085
2026-06-14T23:42Z,Ivory Coast,0.002,0.0035
2026-06-14T23:42Z,Sweden,0.002,0.0035
2026-06-14T23:42Z,Bosnia and Herzegovina,0.0,0.0015
2026-06-14T23:42Z,Czech Republic,0.0,0.0015
2026-06-14T23:42Z,DR Congo,0.0,0.0015
2026-06-14T23:42Z,Egypt,0.0,0.0015
2026-06-14T23:42Z,Ghana,0.0,0.0015
2026-06-14T23:42Z,Iran,0.0,0.0015
2026-06-14T23:42Z,Paraguay,0.0,0.0015
2026-06-14T23:42Z,Brazil,0.066,0.0675
2026-06-14T23:42Z,Austria,0.002,0.0045
2026-06-14T23:42Z,South Korea,0.002,0.0045
2026-06-14T23:42Z,Scotland,0.0,0.0025
2026-06-14T23:42Z,Croatia,0.006,0.0085
2026-06-14T23:42Z,Uruguay,0.006,0.0085
2026-06-14T23:42Z,Ecuador,0.002,0.0075
2026-06-14T23:42Z,Japan,0.01,0.0195
2026-06-14T23:42Z,Mexico,0.002,0.0125
2026-06-14T23:42Z,Norway,0.01,0.0245
2026-06-14T23:42Z,United States,0.0,0.0205
2026-06-14T23:42Z,Netherlands,0.026,0.0515
2026-06-14T23:42Z,Portugal,0.078,0.1125
2026-06-14T23:42Z,Germany,0.024,0.0605
2026-06-14T23:42Z,France,0.082,0.1645
2026-06-14T23:49Z,Argentina,0.221,0.0795
2026-06-14T23:49Z,Spain,0.224,0.1625
2026-06-14T23:49Z,Colombia,0.03,0.0155
2026-06-14T23:49Z,Morocco,0.034,0.0205
2026-06-14T23:49Z,Belgium,0.027,0.0195
2026-06-14T23:49Z,Senegal,0.009,0.0065
2026-06-14T23:49Z,Algeria,0.003,0.0015
2026-06-14T23:49Z,Australia,0.004,0.0035
2026-06-14T23:49Z,Ivory Coast,0.004,0.0035
2026-06-14T23:49Z,Canada,0.002,0.0025
2026-06-14T23:49Z,Egypt,0.001,0.0015
2026-06-14T23:49Z,Iran,0.001,0.0015
2026-06-14T23:49Z,Cape Verde,0.0,0.0005
2026-06-14T23:49Z,Curaçao,0.0,0.0005
2026-06-14T23:49Z,Haiti,0.0,0.0005
2026-06-14T23:49Z,Iraq,0.0,0.0005
2026-06-14T23:49Z,Jordan,0.0,0.0005
2026-06-14T23:49Z,New Zealand,0.0,0.0005
2026-06-14T23:49Z,Panama,0.0,0.0005
2026-06-14T23:49Z,Qatar,0.0,0.0005
2026-06-14T23:49Z,Saudi Arabia,0.0,0.0005
2026-06-14T23:49Z,South Africa,0.0,0.0005
2026-06-14T23:49Z,Tunisia,0.0,0.0005
2026-06-14T23:49Z,Uzbekistan,0.0,0.0005
2026-06-14T23:49Z,Switzerland,0.008,0.0085
2026-06-14T23:49Z,Bosnia and Herzegovina,0.0,0.0015
2026-06-14T23:49Z,Czech Republic,0.0,0.0015
2026-06-14T23:49Z,DR Congo,0.0,0.0015
2026-06-14T23:49Z,Ghana,0.0,0.0015
2026-06-14T23:49Z,Paraguay,0.0,0.0015
2026-06-14T23:49Z,Austria,0.002,0.0045
2026-06-14T23:49Z,Sweden,0.001,0.0035
2026-06-14T23:49Z,Scotland,0.0,0.0025
2026-06-14T23:49Z,Croatia,0.006,0.0085
2026-06-14T23:49Z,Uruguay,0.006,0.0085
2026-06-14T23:49Z,Ecuador,0.004,0.0075
2026-06-14T23:49Z,South Korea,0.001,0.0045
2026-06-14T23:49Z,England,0.093,0.0965
2026-06-14T23:49Z,Mexico,0.004,0.0135
2026-06-14T23:49Z,Brazil,0.057,0.0675
2026-06-14T23:49Z,Norway,0.013,0.0245
2026-06-14T23:49Z,Japan,0.007,0.021
2026-06-14T23:49Z,Netherlands,0.035,0.0515
2026-06-14T23:49Z,United States,0.003,0.0205
2026-06-14T23:49Z,Portugal,0.083,0.1105
2026-06-14T23:49Z,Germany,0.023,0.0605
2026-06-14T23:49Z,France,0.094,0.1605
2026-06-15T00:08Z,Argentina,0.221,0.0795
2026-06-15T00:08Z,Spain,0.224,0.1625
2026-06-15T00:08Z,Colombia,0.03,0.0155
2026-06-15T00:08Z,Morocco,0.034,0.0205
2026-06-15T00:08Z,Belgium,0.027,0.0195
2026-06-15T00:08Z,Senegal,0.009,0.0065
2026-06-15T00:08Z,Algeria,0.003,0.0015
2026-06-15T00:08Z,Australia,0.004,0.0035
2026-06-15T00:08Z,Ivory Coast,0.004,0.0045
2026-06-15T00:08Z,Canada,0.002,0.0025
2026-06-15T00:08Z,Egypt,0.001,0.0015
2026-06-15T00:08Z,Iran,0.001,0.0015
2026-06-15T00:08Z,Cape Verde,0.0,0.0005
2026-06-15T00:08Z,Curaçao,0.0,0.0005
2026-06-15T00:08Z,Haiti,0.0,0.0005
2026-06-15T00:08Z,Iraq,0.0,0.0005
2026-06-15T00:08Z,Jordan,0.0,0.0005
2026-06-15T00:08Z,New Zealand,0.0,0.0005
2026-06-15T00:08Z,Panama,0.0,0.0005
2026-06-15T00:08Z,Qatar,0.0,0.0005
2026-06-15T00:08Z,Saudi Arabia,0.0,0.0005
2026-06-15T00:08Z,South Africa,0.0,0.0005
2026-06-15T00:08Z,Tunisia,0.0,0.0005
2026-06-15T00:08Z,Uzbekistan,0.0,0.0005
2026-06-15T00:08Z,Switzerland,0.008,0.0085
2026-06-15T00:08Z,Bosnia and Herzegovina,0.0,0.0015
2026-06-15T00:08Z,Czech Republic,0.0,0.0015
2026-06-15T00:08Z,DR Congo,0.0,0.0015
2026-06-15T00:08Z,Ghana,0.0,0.0015
2026-06-15T00:08Z,Paraguay,0.0,0.0015
2026-06-15T00:08Z,Ecuador,0.004,0.0065
2026-06-15T00:08Z,Austria,0.002,0.0045
2026-06-15T00:08Z,Sweden,0.001,0.0035
2026-06-15T00:08Z,Scotland,0.0,0.0025
2026-06-15T00:08Z,Croatia,0.006,0.0085
2026-06-15T00:08Z,Uruguay,0.006,0.0085
2026-06-15T00:08Z,South Korea,0.001,0.0045
2026-06-15T00:08Z,England,0.093,0.0965
2026-06-15T00:08Z,Mexico,0.004,0.0135
2026-06-15T00:08Z,Brazil,0.057,0.0675
2026-06-15T00:08Z,Norway,0.013,0.0245
2026-06-15T00:08Z,Japan,0.007,0.0215
2026-06-15T00:08Z,Netherlands,0.035,0.0515
2026-06-15T00:08Z,United States,0.003,0.0205
2026-06-15T00:08Z,Portugal,0.083,0.1105
2026-06-15T00:08Z,Germany,0.023,0.0605
2026-06-15T00:08Z,France,0.094,0.1605
2026-06-15T08:47Z,Argentina,0.24,0.0795
2026-06-15T08:47Z,Spain,0.215,0.1625
2026-06-15T08:47Z,England,0.125,0.0965
2026-06-15T08:47Z,Morocco,0.04,0.0205
2026-06-15T08:47Z,Algeria,0.01,0.0015
2026-06-15T08:47Z,Australia,0.01,0.0035
2026-06-15T08:47Z,Colombia,0.02,0.0155
2026-06-15T08:47Z,Senegal,0.01,0.0065
2026-06-15T08:47Z,Belgium,0.02,0.0195
2026-06-15T08:47Z,Austria,0.005,0.0045
2026-06-15T08:47Z,Cape Verde,0.0,0.0005
2026-06-15T08:47Z,Curaçao,0.0,0.0005
2026-06-15T08:47Z,Haiti,0.0,0.0005
2026-06-15T08:47Z,Iraq,0.0,0.0005
2026-06-15T08:47Z,Jordan,0.0,0.0005
2026-06-15T08:47Z,New Zealand,0.0,0.0005
2026-06-15T08:47Z,Panama,0.0,0.0005
2026-06-15T08:47Z,Qatar,0.0,0.0005
2026-06-15T08:47Z,Saudi Arabia,0.0,0.0005
2026-06-15T08:47Z,South Africa,0.0,0.0005
2026-06-15T08:47Z,Tunisia,0.0,0.0005
2026-06-15T08:47Z,Uzbekistan,0.0,0.0005
2026-06-15T08:47Z,Ecuador,0.005,0.0065
2026-06-15T08:47Z,Bosnia and Herzegovina,0.0,0.0015
2026-06-15T08:47Z,Czech Republic,0.0,0.0015
2026-06-15T08:47Z,DR Congo,0.0,0.0015
2026-06-15T08:47Z,Egypt,0.0,0.0015
2026-06-15T08:47Z,Ghana,0.0,0.0015
2026-06-15T08:47Z,Iran,0.0,0.0015
2026-06-15T08:47Z,Paraguay,0.0,0.0015
2026-06-15T08:47Z,Canada,0.0,0.0025
2026-06-15T08:47Z,Scotland,0.0,0.0025
2026-06-15T08:47Z,Sweden,0.0,0.0035
2026-06-15T08:47Z,Croatia,0.005,0.0085
2026-06-15T08:47Z,Switzerland,0.005,0.0085
2026-06-15T08:47Z,Ivory Coast,0.0,0.0045
2026-06-15T08:47Z,South Korea,0.0,0.0045
2026-06-15T08:47Z,Mexico,0.005,0.0135
2026-06-15T08:47Z,Uruguay,0.0,0.0085
2026-06-15T08:47Z,Netherlands,0.04,0.0515
2026-06-15T08:47Z,Japan,0.01,0.0215
2026-06-15T08:47Z,Brazil,0.055,0.0675
2026-06-15T08:47Z,Norway,0.01,0.0245
2026-06-15T08:47Z,United States,0.0,0.0205
2026-06-15T08:47Z,Germany,0.015,0.0605
2026-06-15T08:47Z,Portugal,0.06,0.1105
2026-06-15T08:47Z,France,0.095,0.1605
2026-06-15T09:01Z,Argentina,0.24,0.0795
2026-06-15T09:01Z,Spain,0.215,0.1625
2026-06-15T09:01Z,England,0.125,0.0965
2026-06-15T09:01Z,Morocco,0.04,0.0205
2026-06-15T09:01Z,Algeria,0.01,0.0015
2026-06-15T09:01Z,Australia,0.01,0.0035
2026-06-15T09:01Z,Colombia,0.02,0.0155
2026-06-15T09:01Z,Senegal,0.01,0.0065
2026-06-15T09:01Z,Belgium,0.02,0.0195
2026-06-15T09:01Z,Austria,0.005,0.0045
2026-06-15T09:01Z,Cape Verde,0.0,0.0005
2026-06-15T09:01Z,Curaçao,0.0,0.0005
2026-06-15T09:01Z,Haiti,0.0,0.0005
2026-06-15T09:01Z,Iraq,0.0,0.0005
2026-06-15T09:01Z,Jordan,0.0,0.0005
2026-06-15T09:01Z,New Zealand,0.0,0.0005
2026-06-15T09:01Z,Panama,0.0,0.0005
2026-06-15T09:01Z,Qatar,0.0,0.0005
2026-06-15T09:01Z,Saudi Arabia,0.0,0.0005
2026-06-15T09:01Z,South Africa,0.0,0.0005
2026-06-15T09:01Z,Tunisia,0.0,0.0005
2026-06-15T09:01Z,Uzbekistan,0.0,0.0005
2026-06-15T09:01Z,Ecuador,0.005,0.0065
2026-06-15T09:01Z,Bosnia and Herzegovina,0.0,0.0015
2026-06-15T09:01Z,Czech Republic,0.0,0.0015
2026-06-15T09:01Z,DR Congo,0.0,0.0015
2026-06-15T09:01Z,Egypt,0.0,0.0015
2026-06-15T09:01Z,Ghana,0.0,0.0015
2026-06-15T09:01Z,Iran,0.0,0.0015
2026-06-15T09:01Z,Paraguay,0.0,0.0015
2026-06-15T09:01Z,Canada,0.0,0.0025
2026-06-15T09:01Z,Scotland,0.0,0.0025
2026-06-15T09:01Z,Sweden,0.0,0.0035
2026-06-15T09:01Z,Croatia,0.005,0.0085
2026-06-15T09:01Z,Switzerland,0.005,0.0085
2026-06-15T09:01Z,Ivory Coast,0.0,0.0045
2026-06-15T09:01Z,South Korea,0.0,0.0045
2026-06-15T09:01Z,Mexico,0.005,0.0135
2026-06-15T09:01Z,Uruguay,0.0,0.0085
2026-06-15T09:01Z,Netherlands,0.04,0.0515
2026-06-15T09:01Z,Japan,0.01,0.0215
2026-06-15T09:01Z,Brazil,0.055,0.0675
2026-06-15T09:01Z,Norway,0.01,0.0245
2026-06-15T09:01Z,United States,0.0,0.0205
2026-06-15T09:01Z,Germany,0.015,0.0605
2026-06-15T09:01Z,Portugal,0.06,0.1105
2026-06-15T09:01Z,France,0.095,0.1605
2026-06-15T09:11Z,Argentina,0.213,0.0805
2026-06-15T09:11Z,Spain,0.219,0.1615
2026-06-15T09:11Z,Morocco,0.052,0.0225
2026-06-15T09:11Z,England,0.103,0.0965
2026-06-15T09:11Z,Belgium,0.024,0.0195
2026-06-15T09:11Z,Ecuador,0.008,0.0045
2026-06-15T09:11Z,Colombia,0.017,0.0155
2026-06-15T09:11Z,Australia,0.003,0.0035
2026-06-15T09:11Z,Algeria,0.001,0.0015
2026-06-15T09:11Z,Cape Verde,0.0,0.0005
2026-06-15T09:11Z,Curaçao,0.0,0.0005
2026-06-15T09:11Z,Haiti,0.0,0.0005
2026-06-15T09:11Z,Iraq,0.0,0.0005
2026-06-15T09:11Z,Jordan,0.0,0.0005
2026-06-15T09:11Z,New Zealand,0.0,0.0005
2026-06-15T09:11Z,Panama,0.0,0.0005
2026-06-15T09:11Z,Qatar,0.0,0.0005
2026-06-15T09:11Z,Saudi Arabia,0.0,0.0005
2026-06-15T09:11Z,South Africa,0.0,0.0005
2026-06-15T09:11Z,Tunisia,0.0,0.0005
2026-06-15T09:11Z,Uzbekistan,0.0,0.0005
2026-06-15T09:11Z,Senegal,0.005,0.0065
2026-06-15T09:11Z,Canada,0.001,0.0025
2026-06-15T09:11Z,Bosnia and Herzegovina,0.0,0.0015
2026-06-15T09:11Z,Czech Republic,0.0,0.0015
2026-06-15T09:11Z,DR Congo,0.0,0.0015
2026-06-15T09:11Z,Egypt,0.0,0.0015
2026-06-15T09:11Z,Ghana,0.0,0.0015
2026-06-15T09:11Z,Iran,0.0,0.0015
2026-06-15T09:11Z,Paraguay,0.0,0.0015
2026-06-15T09:11Z,Switzerland,0.007,0.0085
2026-06-15T09:11Z,Uruguay,0.007,0.0085
2026-06-15T09:11Z,Austria,0.002,0.0045
2026-06-15T09:11Z,Scotland,0.0,0.0025
2026-06-15T09:11Z,Croatia,0.006,0.0085
2026-06-15T09:11Z,South Korea,0.001,0.0045
2026-06-15T09:11Z,Ivory Coast,0.002,0.0065
2026-06-15T09:11Z,Sweden,0.001,0.0055
2026-06-15T09:11Z,Portugal,0.101,0.1075
2026-06-15T09:11Z,Norway,0.015,0.0245
2026-06-15T09:11Z,Japan,0.011,0.0205
2026-06-15T09:11Z,Germany,0.053,0.0635
2026-06-15T09:11Z,Mexico,0.0,0.0125
2026-06-15T09:11Z,Netherlands,0.03,0.0455
2026-06-15T09:11Z,United States,0.001,0.0205
2026-06-15T09:11Z,Brazil,0.045,0.0675
2026-06-15T09:11Z,France,0.071,0.1605
2026-06-15T09:27Z,Argentina,0.213,0.0805
2026-06-15T09:27Z,Spain,0.219,0.1615
2026-06-15T09:27Z,Morocco,0.052,0.0225
2026-06-15T09:27Z,England,0.103,0.0965
2026-06-15T09:27Z,Belgium,0.024,0.0195
2026-06-15T09:27Z,Ecuador,0.008,0.0045
2026-06-15T09:27Z,Colombia,0.017,0.0155
2026-06-15T09:27Z,Australia,0.003,0.0035
2026-06-15T09:27Z,Algeria,0.001,0.0015
2026-06-15T09:27Z,Cape Verde,0.0,0.0005
2026-06-15T09:27Z,Curaçao,0.0,0.0005
2026-06-15T09:27Z,Haiti,0.0,0.0005
2026-06-15T09:27Z,Iraq,0.0,0.0005
2026-06-15T09:27Z,Jordan,0.0,0.0005
2026-06-15T09:27Z,New Zealand,0.0,0.0005
2026-06-15T09:27Z,Panama,0.0,0.0005
2026-06-15T09:27Z,Qatar,0.0,0.0005
2026-06-15T09:27Z,Saudi Arabia,0.0,0.0005
2026-06-15T09:27Z,South Africa,0.0,0.0005
2026-06-15T09:27Z,Tunisia,0.0,0.0005
2026-06-15T09:27Z,Uzbekistan,0.0,0.0005
2026-06-15T09:27Z,Senegal,0.005,0.0065
2026-06-15T09:27Z,Canada,0.001,0.0025
2026-06-15T09:27Z,Bosnia and Herzegovina,0.0,0.0015
2026-06-15T09:27Z,Czech Republic,0.0,0.0015
2026-06-15T09:27Z,DR Congo,0.0,0.0015
2026-06-15T09:27Z,Egypt,0.0,0.0015
2026-06-15T09:27Z,Ghana,0.0,0.0015
2026-06-15T09:27Z,Iran,0.0,0.0015
2026-06-15T09:27Z,Paraguay,0.0,0.0015
2026-06-15T09:27Z,Switzerland,0.007,0.0085
2026-06-15T09:27Z,Uruguay,0.007,0.0085
2026-06-15T09:27Z,Austria,0.002,0.0045
2026-06-15T09:27Z,Scotland,0.0,0.0025
2026-06-15T09:27Z,Croatia,0.006,0.0085
2026-06-15T09:27Z,South Korea,0.001,0.0045
2026-06-15T09:27Z,Ivory Coast,0.002,0.0065
2026-06-15T09:27Z,Sweden,0.001,0.0055
2026-06-15T09:27Z,Portugal,0.101,0.1075
2026-06-15T09:27Z,Norway,0.015,0.0245
2026-06-15T09:27Z,Japan,0.011,0.0205
2026-06-15T09:27Z,Germany,0.053,0.0635
2026-06-15T09:27Z,Mexico,0.0,0.0125
2026-06-15T09:27Z,Netherlands,0.03,0.0465
2026-06-15T09:27Z,United States,0.001,0.0205
2026-06-15T09:27Z,Brazil,0.045,0.0675
2026-06-15T09:27Z,France,0.071,0.1605
2026-06-15T09:53Z,Argentina,0.213,0.0805
2026-06-15T09:53Z,Spain,0.219,0.1615
2026-06-15T09:53Z,Morocco,0.052,0.0225
2026-06-15T09:53Z,England,0.103,0.0965
2026-06-15T09:53Z,Belgium,0.024,0.0195
2026-06-15T09:53Z,Ecuador,0.008,0.0045
2026-06-15T09:53Z,Colombia,0.017,0.0155
2026-06-15T09:53Z,Australia,0.003,0.0035
2026-06-15T09:53Z,Algeria,0.001,0.0015
2026-06-15T09:53Z,Cape Verde,0.0,0.0005
2026-06-15T09:53Z,Curaçao,0.0,0.0005
2026-06-15T09:53Z,Haiti,0.0,0.0005
2026-06-15T09:53Z,Iraq,0.0,0.0005
2026-06-15T09:53Z,Jordan,0.0,0.0005
2026-06-15T09:53Z,New Zealand,0.0,0.0005
2026-06-15T09:53Z,Panama,0.0,0.0005
2026-06-15T09:53Z,Qatar,0.0,0.0005
2026-06-15T09:53Z,Saudi Arabia,0.0,0.0005
2026-06-15T09:53Z,South Africa,0.0,0.0005
2026-06-15T09:53Z,Tunisia,0.0,0.0005
2026-06-15T09:53Z,Uzbekistan,0.0,0.0005
2026-06-15T09:53Z,Senegal,0.005,0.0065
2026-06-15T09:53Z,Canada,0.001,0.0025
2026-06-15T09:53Z,Bosnia and Herzegovina,0.0,0.0015
2026-06-15T09:53Z,Czech Republic,0.0,0.0015
2026-06-15T09:53Z,DR Congo,0.0,0.0015
2026-06-15T09:53Z,Egypt,0.0,0.0015
2026-06-15T09:53Z,Ghana,0.0,0.0015
2026-06-15T09:53Z,Iran,0.0,0.0015
2026-06-15T09:53Z,Paraguay,0.0,0.0015
2026-06-15T09:53Z,Switzerland,0.007,0.0085
2026-06-15T09:53Z,Uruguay,0.007,0.0085
2026-06-15T09:53Z,Austria,0.002,0.0045
2026-06-15T09:53Z,Scotland,0.0,0.0025
2026-06-15T09:53Z,Croatia,0.006,0.0085
2026-06-15T09:53Z,Ivory Coast,0.002,0.0055
2026-06-15T09:53Z,South Korea,0.001,0.0045
2026-06-15T09:53Z,Sweden,0.001,0.0055
2026-06-15T09:53Z,Portugal,0.101,0.1075
2026-06-15T09:53Z,Norway,0.015,0.0245
2026-06-15T09:53Z,Japan,0.011,0.0205
2026-06-15T09:53Z,Germany,0.053,0.0635
2026-06-15T09:53Z,Mexico,0.0,0.0125
2026-06-15T09:53Z,Netherlands,0.03,0.0465
2026-06-15T09:53Z,United States,0.001,0.0205
2026-06-15T09:53Z,Brazil,0.045,0.0675
2026-06-15T09:53Z,France,0.071,0.1605
2026-06-15T10:54Z,Argentina,0.213,0.0805
2026-06-15T10:54Z,Spain,0.219,0.1625
2026-06-15T10:54Z,Morocco,0.052,0.0225
2026-06-15T10:54Z,England,0.103,0.0965
2026-06-15T10:54Z,Belgium,0.024,0.0195
2026-06-15T10:54Z,Ecuador,0.008,0.0045
2026-06-15T10:54Z,Colombia,0.017,0.0155
2026-06-15T10:54Z,Australia,0.003,0.0035
2026-06-15T10:54Z,Algeria,0.001,0.0015
2026-06-15T10:54Z,Cape Verde,0.0,0.0005
2026-06-15T10:54Z,Curaçao,0.0,0.0005
2026-06-15T10:54Z,Haiti,0.0,0.0005
2026-06-15T10:54Z,Iraq,0.0,0.0005
2026-06-15T10:54Z,Jordan,0.0,0.0005
2026-06-15T10:54Z,New Zealand,0.0,0.0005
2026-06-15T10:54Z,Panama,0.0,0.0005
2026-06-15T10:54Z,Qatar,0.0,0.0005
2026-06-15T10:54Z,Saudi Arabia,0.0,0.0005
2026-06-15T10:54Z,South Africa,0.0,0.0005
2026-06-15T10:54Z,Tunisia,0.0,0.0005
2026-06-15T10:54Z,Uzbekistan,0.0,0.0005
2026-06-15T10:54Z,Senegal,0.005,0.0065
2026-06-15T10:54Z,Canada,0.001,0.0025
2026-06-15T10:54Z,Bosnia and Herzegovina,0.0,0.0015
2026-06-15T10:54Z,Czech Republic,0.0,0.0015
2026-06-15T10:54Z,DR Congo,0.0,0.0015
2026-06-15T10:54Z,Egypt,0.0,0.0015
2026-06-15T10:54Z,Ghana,0.0,0.0015
2026-06-15T10:54Z,Iran,0.0,0.0015
2026-06-15T10:54Z,Paraguay,0.0,0.0015
2026-06-15T10:54Z,Switzerland,0.007,0.0085
2026-06-15T10:54Z,Uruguay,0.007,0.0085
2026-06-15T10:54Z,Austria,0.002,0.0045
2026-06-15T10:54Z,Scotland,0.0,0.0025
2026-06-15T10:54Z,Croatia,0.006,0.0085
2026-06-15T10:54Z,South Korea,0.001,0.0045
2026-06-15T10:54Z,Ivory Coast,0.002,0.0065
2026-06-15T10:54Z,Sweden,0.001,0.0055
2026-06-15T10:54Z,Portugal,0.101,0.1075
2026-06-15T10:54Z,Norway,0.015,0.0245
2026-06-15T10:54Z,Japan,0.011,0.0205
2026-06-15T10:54Z,Germany,0.053,0.0645
2026-06-15T10:54Z,Mexico,0.0,0.0135
2026-06-15T10:54Z,United States,0.001,0.0205
2026-06-15T10:54Z,Netherlands,0.03,0.0495
2026-06-15T10:54Z,Brazil,0.045,0.0655
2026-06-15T10:54Z,France,0.071,0.1605
2026-06-15T11:38Z,Argentina,0.213,0.0805
2026-06-15T11:38Z,Spain,0.219,0.1625
2026-06-15T11:38Z,Morocco,0.052,0.0225
2026-06-15T11:38Z,England,0.103,0.0965
2026-06-15T11:38Z,Belgium,0.024,0.0195
2026-06-15T11:38Z,Ecuador,0.008,0.0045
2026-06-15T11:38Z,Colombia,0.017,0.0155
2026-06-15T11:38Z,Australia,0.003,0.0035
2026-06-15T11:38Z,Algeria,0.001,0.0015
2026-06-15T11:38Z,Cape Verde,0.0,0.0005
2026-06-15T11:38Z,Curaçao,0.0,0.0005
2026-06-15T11:38Z,Haiti,0.0,0.0005
2026-06-15T11:38Z,Iraq,0.0,0.0005
2026-06-15T11:38Z,Jordan,0.0,0.0005
2026-06-15T11:38Z,New Zealand,0.0,0.0005
2026-06-15T11:38Z,Panama,0.0,0.0005
2026-06-15T11:38Z,Qatar,0.0,0.0005
2026-06-15T11:38Z,Saudi Arabia,0.0,0.0005
2026-06-15T11:38Z,South Africa,0.0,0.0005
2026-06-15T11:38Z,Tunisia,0.0,0.0005
2026-06-15T11:38Z,Uzbekistan,0.0,0.0005
2026-06-15T11:38Z,Senegal,0.005,0.0065
2026-06-15T11:38Z,Canada,0.001,0.0025
2026-06-15T11:38Z,Bosnia and Herzegovina,0.0,0.0015
2026-06-15T11:38Z,Czech Republic,0.0,0.0015
2026-06-15T11:38Z,DR Congo,0.0,0.0015
2026-06-15T11:38Z,Egypt,0.0,0.0015
2026-06-15T11:38Z,Ghana,0.0,0.0015
2026-06-15T11:38Z,Iran,0.0,0.0015
2026-06-15T11:38Z,Paraguay,0.0,0.0015
2026-06-15T11:38Z,Switzerland,0.007,0.0085
2026-06-15T11:38Z,Uruguay,0.007,0.0085
2026-06-15T11:38Z,Austria,0.002,0.0045
2026-06-15T11:38Z,Scotland,0.0,0.0025
2026-06-15T11:38Z,Croatia,0.006,0.0085
2026-06-15T11:38Z,Ivory Coast,0.002,0.0055
2026-06-15T11:38Z,South Korea,0.001,0.0045
2026-06-15T11:38Z,Sweden,0.001,0.0055
2026-06-15T11:38Z,Portugal,0.101,0.1075
2026-06-15T11:38Z,Germany,0.053,0.0625
2026-06-15T11:38Z,Norway,0.015,0.0245
2026-06-15T11:38Z,Japan,0.011,0.0205
2026-06-15T11:38Z,Mexico,0.0,0.0135
2026-06-15T11:38Z,United States,0.001,0.0205
2026-06-15T11:38Z,Netherlands,0.03,0.0505
2026-06-15T11:38Z,Brazil,0.045,0.0665
2026-06-15T11:38Z,France,0.071,0.1605
2026-06-15T16:35Z,Argentina,0.213,0.0805
2026-06-15T16:35Z,Spain,0.219,0.1625
2026-06-15T16:35Z,Morocco,0.052,0.0235
2026-06-15T16:35Z,England,0.103,0.0975
2026-06-15T16:35Z,Belgium,0.024,0.0195
2026-06-15T16:35Z,Ecuador,0.008,0.0045
2026-06-15T16:35Z,Colombia,0.017,0.0155
2026-06-15T16:35Z,Australia,0.003,0.0035
2026-06-15T16:35Z,Algeria,0.001,0.0015
2026-06-15T16:35Z,Cape Verde,0.0,0.0005
2026-06-15T16:35Z,Curaçao,0.0,0.0005
2026-06-15T16:35Z,Haiti,0.0,0.0005
2026-06-15T16:35Z,Iraq,0.0,0.0005
2026-06-15T16:35Z,Jordan,0.0,0.0005
2026-06-15T16:35Z,New Zealand,0.0,0.0005
2026-06-15T16:35Z,Panama,0.0,0.0005
2026-06-15T16:35Z,Qatar,0.0,0.0005
2026-06-15T16:35Z,Saudi Arabia,0.0,0.0005
2026-06-15T16:35Z,South Africa,0.0,0.0005
2026-06-15T16:35Z,Tunisia,0.0,0.0005
2026-06-15T16:35Z,Uzbekistan,0.0,0.0005
2026-06-15T16:35Z,Senegal,0.005,0.0065
2026-06-15T16:35Z,Canada,0.001,0.0025
2026-06-15T16:35Z,Bosnia and Herzegovina,0.0,0.0015
2026-06-15T16:35Z,Czech Republic,0.0,0.0015
2026-06-15T16:35Z,DR Congo,0.0,0.0015
2026-06-15T16:35Z,Egypt,0.0,0.0015
2026-06-15T16:35Z,Ghana,0.0,0.0015
2026-06-15T16:35Z,Iran,0.0,0.0015
2026-06-15T16:35Z,Paraguay,0.0,0.0015
2026-06-15T16:35Z,Switzerland,0.007,0.0085
2026-06-15T16:35Z,Uruguay,0.007,0.0085
2026-06-15T16:35Z,Austria,0.002,0.0045
2026-06-15T16:35Z,Scotland,0.0,0.0025
2026-06-15T16:35Z,Croatia,0.006,0.0085
2026-06-15T16:35Z,Ivory Coast,0.002,0.0055
2026-06-15T16:35Z,South Korea,0.001,0.0045
2026-06-15T16:35Z,Sweden,0.001,0.0055
2026-06-15T16:35Z,Portugal,0.101,0.1075
2026-06-15T16:35Z,Japan,0.011,0.0185
2026-06-15T16:35Z,Germany,0.053,0.0615
2026-06-15T16:35Z,Norway,0.015,0.0245
2026-06-15T16:35Z,Mexico,0.0,0.0135
2026-06-15T16:35Z,United States,0.001,0.0205
2026-06-15T16:35Z,Netherlands,0.03,0.0515
2026-06-15T16:35Z,Brazil,0.045,0.0665
2026-06-15T16:35Z,France,0.071,0.1635
2026-06-15T20:10Z,Argentina,0.204,0.0805
2026-06-15T20:10Z,Spain,0.214,0.1525
2026-06-15T20:10Z,Morocco,0.051,0.0215
2026-06-15T20:10Z,Belgium,0.03,0.0175
2026-06-15T20:10Z,Colombia,0.027,0.0155
2026-06-15T20:10Z,England,0.11,0.1035
2026-06-15T20:10Z,Croatia,0.015,0.0085
2026-06-15T20:10Z,Senegal,0.011,0.0065
2026-06-15T20:10Z,Canada,0.004,0.0025
2026-06-15T20:10Z,Algeria,0.002,0.0015
2026-06-15T20:10Z,Switzerland,0.009,0.0085
2026-06-15T20:10Z,Iran,0.001,0.0015
2026-06-15T20:10Z,Cape Verde,0.0,0.0005
2026-06-15T20:10Z,Curaçao,0.0,0.0005
2026-06-15T20:10Z,Haiti,0.0,0.0005
2026-06-15T20:10Z,Iraq,0.0,0.0005
2026-06-15T20:10Z,Jordan,0.0,0.0005
2026-06-15T20:10Z,New Zealand,0.0,0.0005
2026-06-15T20:10Z,Panama,0.0,0.0005
2026-06-15T20:10Z,Qatar,0.0,0.0005
2026-06-15T20:10Z,Saudi Arabia,0.0,0.0005
2026-06-15T20:10Z,South Africa,0.0,0.0005
2026-06-15T20:10Z,Tunisia,0.0,0.0005
2026-06-15T20:10Z,Uzbekistan,0.0,0.0005
2026-06-15T20:10Z,Bosnia and Herzegovina,0.0,0.0015
2026-06-15T20:10Z,Czech Republic,0.0,0.0015
2026-06-15T20:10Z,DR Congo,0.0,0.0015
2026-06-15T20:10Z,Ghana,0.0,0.0015
2026-06-15T20:10Z,Paraguay,0.0,0.0015
2026-06-15T20:10Z,Uruguay,0.007,0.0095
2026-06-15T20:10Z,Ivory Coast,0.003,0.0055
2026-06-15T20:10Z,Ecuador,0.002,0.0045
2026-06-15T20:10Z,Australia,0.001,0.0035
2026-06-15T20:10Z,South Korea,0.001,0.0035
2026-06-15T20:10Z,Egypt,0.0,0.0025
2026-06-15T20:10Z,Scotland,0.0,0.0025
2026-06-15T20:10Z,Austria,0.001,0.0045
2026-06-15T20:10Z,Sweden,0.001,0.0055
2026-06-15T20:10Z,Japan,0.01,0.0155
2026-06-15T20:10Z,Norway,0.015,0.0245
2026-06-15T20:10Z,Mexico,0.003,0.0125
2026-06-15T20:10Z,Germany,0.046,0.0635
2026-06-15T20:10Z,United States,0.0,0.0205
2026-06-15T20:10Z,Brazil,0.045,0.0665
2026-06-15T20:10Z,Netherlands,0.025,0.0515
2026-06-15T20:10Z,Portugal,0.079,0.1075
2026-06-15T20:10Z,France,0.082,0.1685
2026-06-15T22:35Z,Argentina,0.195,0.0835
2026-06-15T22:35Z,Spain,0.224,0.1465
2026-06-15T22:35Z,Morocco,0.051,0.0215
2026-06-15T22:35Z,Belgium,0.032,0.0175
2026-06-15T22:35Z,Colombia,0.028,0.0155
2026-06-15T22:35Z,England,0.11,0.1055
2026-06-15T22:35Z,Algeria,0.003,0.0015
2026-06-15T22:35Z,Senegal,0.006,0.0065
2026-06-15T22:35Z,Iran,0.001,0.0015
2026-06-15T22:35Z,Cape Verde,0.0,0.0005
2026-06-15T22:35Z,Curaçao,0.0,0.0005
2026-06-15T22:35Z,Haiti,0.0,0.0005
2026-06-15T22:35Z,Iraq,0.0,0.0005
2026-06-15T22:35Z,Jordan,0.0,0.0005
2026-06-15T22:35Z,New Zealand,0.0,0.0005
2026-06-15T22:35Z,Panama,0.0,0.0005
2026-06-15T22:35Z,Qatar,0.0,0.0005
2026-06-15T22:35Z,Saudi Arabia,0.0,0.0005
2026-06-15T22:35Z,South Africa,0.0,0.0005
2026-06-15T22:35Z,Tunisia,0.0,0.0005
2026-06-15T22:35Z,Uzbekistan,0.0,0.0005
2026-06-15T22:35Z,Ecuador,0.003,0.0045
2026-06-15T22:35Z,Bosnia and Herzegovina,0.0,0.0015
2026-06-15T22:35Z,Czech Republic,0.0,0.0015
2026-06-15T22:35Z,DR Congo,0.0,0.0015
2026-06-15T22:35Z,Ghana,0.0,0.0015
2026-06-15T22:35Z,Paraguay,0.0,0.0015
2026-06-15T22:35Z,Switzerland,0.007,0.0085
2026-06-15T22:35Z,Uruguay,0.011,0.0125
2026-06-15T22:35Z,Austria,0.002,0.0045
2026-06-15T22:35Z,Canada,0.0,0.0025
2026-06-15T22:35Z,Egypt,0.0,0.0025
2026-06-15T22:35Z,Scotland,0.0,0.0025
2026-06-15T22:35Z,Croatia,0.006,0.0085
2026-06-15T22:35Z,Australia,0.0,0.0035
2026-06-15T22:35Z,South Korea,0.0,0.0035
2026-06-15T22:35Z,Japan,0.014,0.0185
2026-06-15T22:35Z,Ivory Coast,0.001,0.0055
2026-06-15T22:35Z,Sweden,0.001,0.0055
2026-06-15T22:35Z,Mexico,0.002,0.0125
2026-06-15T22:35Z,Brazil,0.054,0.0665
2026-06-15T22:35Z,Norway,0.011,0.0245
2026-06-15T22:35Z,Netherlands,0.025,0.0455
2026-06-15T22:35Z,United States,0.0,0.0205
2026-06-15T22:35Z,Germany,0.043,0.0635
2026-06-15T22:35Z,Portugal,0.08,0.1075
2026-06-15T22:35Z,France,0.088,0.1685
2026-06-16T00:19Z,Argentina,0.233,0.0845
2026-06-16T00:19Z,Spain,0.202,0.1465
2026-06-16T00:19Z,Morocco,0.056,0.0215
2026-06-16T00:19Z,Belgium,0.035,0.0175
2026-06-16T00:19Z,Colombia,0.02,0.0155
2026-06-16T00:19Z,Croatia,0.012,0.0085
2026-06-16T00:19Z,Algeria,0.003,0.0015
2026-06-16T00:19Z,Senegal,0.007,0.0065
2026-06-16T00:19Z,Ecuador,0.004,0.0045
2026-06-16T00:19Z,Paraguay,0.001,0.0015
2026-06-16T00:19Z,Cape Verde,0.0,0.0005
2026-06-16T00:19Z,Curaçao,0.0,0.0005
2026-06-16T00:19Z,Haiti,0.0,0.0005
2026-06-16T00:19Z,Iraq,0.0,0.0005
2026-06-16T00:19Z,Jordan,0.0,0.0005
2026-06-16T00:19Z,New Zealand,0.0,0.0005
2026-06-16T00:19Z,Panama,0.0,0.0005
2026-06-16T00:19Z,Qatar,0.0,0.0005
2026-06-16T00:19Z,Saudi Arabia,0.0,0.0005
2026-06-16T00:19Z,South Africa,0.0,0.0005
2026-06-16T00:19Z,Tunisia,0.0,0.0005
2026-06-16T00:19Z,Uzbekistan,0.0,0.0005
2026-06-16T00:19Z,Uruguay,0.005,0.0065
2026-06-16T00:19Z,Australia,0.002,0.0035
2026-06-16T00:19Z,Scotland,0.001,0.0025
2026-06-16T00:19Z,Bosnia and Herzegovina,0.0,0.0015
2026-06-16T00:19Z,Czech Republic,0.0,0.0015
2026-06-16T00:19Z,DR Congo,0.0,0.0015
2026-06-16T00:19Z,Ghana,0.0,0.0015
2026-06-16T00:19Z,Iran,0.0,0.0015
2026-06-16T00:19Z,South Korea,0.001,0.0035
2026-06-16T00:19Z,Canada,0.0,0.0025
2026-06-16T00:19Z,Egypt,0.0,0.0025
2026-06-16T00:19Z,Ivory Coast,0.002,0.0055
2026-06-16T00:19Z,Switzerland,0.005,0.0085
2026-06-16T00:19Z,England,0.102,0.1055
2026-06-16T00:19Z,Austria,0.0,0.0045
2026-06-16T00:19Z,Japan,0.013,0.0185
2026-06-16T00:19Z,Sweden,0.0,0.0055
2026-06-16T00:19Z,Mexico,0.003,0.0125
2026-06-16T00:19Z,Netherlands,0.034,0.0445
2026-06-16T00:19Z,Portugal,0.091,0.1075
2026-06-16T00:19Z,Norway,0.006,0.0245
2026-06-16T00:19Z,United States,0.002,0.0205
2026-06-16T00:19Z,Brazil,0.043,0.0665
2026-06-16T00:19Z,Germany,0.039,0.0635
2026-06-16T00:19Z,France,0.077,0.1715
2026-06-16T05:41Z,Argentina,0.24,0.0845
2026-06-16T05:41Z,Spain,0.222,0.1465
2026-06-16T05:41Z,Morocco,0.053,0.0215
2026-06-16T05:41Z,Belgium,0.026,0.0175
2026-06-16T05:41Z,Colombia,0.017,0.0155
2026-06-16T05:41Z,Ivory Coast,0.007,0.0055
2026-06-16T05:41Z,Algeria,0.003,0.0015
2026-06-16T05:41Z,Croatia,0.009,0.0085
2026-06-16T05:41Z,Cape Verde,0.0,0.0005
2026-06-16T05:41Z,Curaçao,0.0,0.0005
2026-06-16T05:41Z,Haiti,0.0,0.0005
2026-06-16T05:41Z,Iran,0.0,0.0005
2026-06-16T05:41Z,Iraq,0.0,0.0005
2026-06-16T05:41Z,Jordan,0.0,0.0005
2026-06-16T05:41Z,New Zealand,0.0,0.0005
2026-06-16T05:41Z,Panama,0.0,0.0005
2026-06-16T05:41Z,Qatar,0.0,0.0005
2026-06-16T05:41Z,Saudi Arabia,0.0,0.0005
2026-06-16T05:41Z,South Africa,0.0,0.0005
2026-06-16T05:41Z,Tunisia,0.0,0.0005
2026-06-16T05:41Z,Uzbekistan,0.0,0.0005
2026-06-16T05:41Z,Senegal,0.005,0.0065
2026-06-16T05:41Z,Ecuador,0.003,0.0045
2026-06-16T05:41Z,Canada,0.001,0.0025
2026-06-16T05:41Z,Scotland,0.001,0.0025
2026-06-16T05:41Z,Bosnia and Herzegovina,0.0,0.0015
2026-06-16T05:41Z,Czech Republic,0.0,0.0015
2026-06-16T05:41Z,DR Congo,0.0,0.0015
2026-06-16T05:41Z,Ghana,0.0,0.0015
2026-06-16T05:41Z,Paraguay,0.0,0.0015
2026-06-16T05:41Z,Austria,0.002,0.0045
2026-06-16T05:41Z,Australia,0.001,0.0035
2026-06-16T05:41Z,Egypt,0.0,0.0025
2026-06-16T05:41Z,Switzerland,0.006,0.0085
2026-06-16T05:41Z,Uruguay,0.003,0.0065
2026-06-16T05:41Z,South Korea,0.0,0.0035
2026-06-16T05:41Z,Sweden,0.001,0.0055
2026-06-16T05:41Z,England,0.099,0.1055
2026-06-16T05:41Z,Mexico,0.002,0.0125
2026-06-16T05:41Z,Portugal,0.095,0.1075
2026-06-16T05:41Z,Japan,0.006,0.0185
2026-06-16T05:41Z,Norway,0.012,0.0245
2026-06-16T05:41Z,United States,0.001,0.0205
2026-06-16T05:41Z,Brazil,0.047,0.0665
2026-06-16T05:41Z,Netherlands,0.026,0.049
2026-06-16T05:41Z,Germany,0.031,0.0635
2026-06-16T05:41Z,France,0.081,0.1755
2026-06-16T10:33Z,Argentina,0.24,0.0925
2026-06-16T10:33Z,Spain,0.222,0.1415
2026-06-16T10:33Z,Morocco,0.053,0.0215
2026-06-16T10:33Z,Belgium,0.026,0.0175
2026-06-16T10:33Z,Colombia,0.017,0.0155
2026-06-16T10:33Z,Ivory Coast,0.007,0.0055
2026-06-16T10:33Z,Algeria,0.003,0.0015
2026-06-16T10:33Z,Croatia,0.009,0.0085
2026-06-16T10:33Z,Cape Verde,0.0,0.0005
2026-06-16T10:33Z,Curaçao,0.0,0.0005
2026-06-16T10:33Z,Haiti,0.0,0.0005
2026-06-16T10:33Z,Iran,0.0,0.0005
2026-06-16T10:33Z,Iraq,0.0,0.0005
2026-06-16T10:33Z,Jordan,0.0,0.0005
2026-06-16T10:33Z,New Zealand,0.0,0.0005
2026-06-16T10:33Z,Panama,0.0,0.0005
2026-06-16T10:33Z,Qatar,0.0,0.0005
2026-06-16T10:33Z,Saudi Arabia,0.0,0.0005
2026-06-16T10:33Z,South Africa,0.0,0.0005
2026-06-16T10:33Z,Tunisia,0.0,0.0005
2026-06-16T10:33Z,Uzbekistan,0.0,0.0005
2026-06-16T10:33Z,Senegal,0.005,0.0065
2026-06-16T10:33Z,Ecuador,0.003,0.0045
2026-06-16T10:33Z,Canada,0.001,0.0025
2026-06-16T10:33Z,Scotland,0.001,0.0025
2026-06-16T10:33Z,Bosnia and Herzegovina,0.0,0.0015
2026-06-16T10:33Z,Czech Republic,0.0,0.0015
2026-06-16T10:33Z,DR Congo,0.0,0.0015
2026-06-16T10:33Z,Ghana,0.0,0.0015
2026-06-16T10:33Z,Paraguay,0.0,0.0015
2026-06-16T10:33Z,Austria,0.002,0.0045
2026-06-16T10:33Z,Australia,0.001,0.0035
2026-06-16T10:33Z,Egypt,0.0,0.0025
2026-06-16T10:33Z,Switzerland,0.006,0.0085
2026-06-16T10:33Z,Uruguay,0.003,0.0065
2026-06-16T10:33Z,South Korea,0.0,0.0035
2026-06-16T10:33Z,Sweden,0.001,0.0055
2026-06-16T10:33Z,England,0.099,0.1055
2026-06-16T10:33Z,Mexico,0.002,0.0125
2026-06-16T10:33Z,Portugal,0.095,0.1075
2026-06-16T10:33Z,Japan,0.006,0.0185
2026-06-16T10:33Z,Norway,0.012,0.0245
2026-06-16T10:33Z,Netherlands,0.026,0.0455
2026-06-16T10:33Z,United States,0.001,0.0205
2026-06-16T10:33Z,Brazil,0.047,0.0665
2026-06-16T10:33Z,Germany,0.031,0.0635
2026-06-16T10:33Z,France,0.081,0.1765
2026-06-16T10:48Z,Argentina,0.24,0.0925
2026-06-16T10:48Z,Spain,0.222,0.1415
2026-06-16T10:48Z,Morocco,0.053,0.0215
2026-06-16T10:48Z,Belgium,0.026,0.0175
2026-06-16T10:48Z,Colombia,0.017,0.0155
2026-06-16T10:48Z,Ivory Coast,0.007,0.0055
2026-06-16T10:48Z,Algeria,0.003,0.0015
2026-06-16T10:48Z,Croatia,0.009,0.0085
2026-06-16T10:48Z,Cape Verde,0.0,0.0005
2026-06-16T10:48Z,Curaçao,0.0,0.0005
2026-06-16T10:48Z,Haiti,0.0,0.0005
2026-06-16T10:48Z,Iran,0.0,0.0005
2026-06-16T10:48Z,Iraq,0.0,0.0005
2026-06-16T10:48Z,Jordan,0.0,0.0005
2026-06-16T10:48Z,New Zealand,0.0,0.0005
2026-06-16T10:48Z,Panama,0.0,0.0005
2026-06-16T10:48Z,Qatar,0.0,0.0005
2026-06-16T10:48Z,Saudi Arabia,0.0,0.0005
2026-06-16T10:48Z,South Africa,0.0,0.0005
2026-06-16T10:48Z,Tunisia,0.0,0.0005
2026-06-16T10:48Z,Uzbekistan,0.0,0.0005
2026-06-16T10:48Z,Senegal,0.005,0.0065
2026-06-16T10:48Z,Ecuador,0.003,0.0045
2026-06-16T10:48Z,Canada,0.001,0.0025
2026-06-16T10:48Z,Scotland,0.001,0.0025
2026-06-16T10:48Z,Bosnia and Herzegovina,0.0,0.0015
2026-06-16T10:48Z,Czech Republic,0.0,0.0015
2026-06-16T10:48Z,DR Congo,0.0,0.0015
2026-06-16T10:48Z,Ghana,0.0,0.0015
2026-06-16T10:48Z,Paraguay,0.0,0.0015
2026-06-16T10:48Z,Austria,0.002,0.0045
2026-06-16T10:48Z,Australia,0.001,0.0035
2026-06-16T10:48Z,Egypt,0.0,0.0025
2026-06-16T10:48Z,Switzerland,0.006,0.0085
2026-06-16T10:48Z,Uruguay,0.003,0.0065
2026-06-16T10:48Z,South Korea,0.0,0.0035
2026-06-16T10:48Z,Sweden,0.001,0.0055
2026-06-16T10:48Z,England,0.099,0.1055
2026-06-16T10:48Z,Mexico,0.002,0.0125
2026-06-16T10:48Z,Portugal,0.095,0.1075
2026-06-16T10:48Z,Japan,0.006,0.0185
2026-06-16T10:48Z,Norway,0.012,0.0245
2026-06-16T10:48Z,Netherlands,0.026,0.0455
2026-06-16T10:48Z,United States,0.001,0.0205
2026-06-16T10:48Z,Brazil,0.047,0.0665
2026-06-16T10:48Z,Germany,0.031,0.0635
2026-06-16T10:48Z,France,0.081,0.1765
2026-06-16T11:02Z,Argentina,0.24,0.0925
2026-06-16T11:02Z,Spain,0.222,0.1415
2026-06-16T11:02Z,Morocco,0.053,0.0215
2026-06-16T11:02Z,Belgium,0.026,0.0175
2026-06-16T11:02Z,Colombia,0.017,0.0155
2026-06-16T11:02Z,Ivory Coast,0.007,0.0055
2026-06-16T11:02Z,Algeria,0.003,0.0015
2026-06-16T11:02Z,Croatia,0.009,0.0085
2026-06-16T11:02Z,Cape Verde,0.0,0.0005
2026-06-16T11:02Z,Curaçao,0.0,0.0005
2026-06-16T11:02Z,Haiti,0.0,0.0005
2026-06-16T11:02Z,Iran,0.0,0.0005
2026-06-16T11:02Z,Iraq,0.0,0.0005
2026-06-16T11:02Z,Jordan,0.0,0.0005
2026-06-16T11:02Z,New Zealand,0.0,0.0005
2026-06-16T11:02Z,Panama,0.0,0.0005
2026-06-16T11:02Z,Qatar,0.0,0.0005
2026-06-16T11:02Z,Saudi Arabia,0.0,0.0005
2026-06-16T11:02Z,South Africa,0.0,0.0005
2026-06-16T11:02Z,Tunisia,0.0,0.0005
2026-06-16T11:02Z,Uzbekistan,0.0,0.0005
2026-06-16T11:02Z,Senegal,0.005,0.0065
2026-06-16T11:02Z,Ecuador,0.003,0.0045
2026-06-16T11:02Z,Canada,0.001,0.0025
2026-06-16T11:02Z,Scotland,0.001,0.0025
2026-06-16T11:02Z,Bosnia and Herzegovina,0.0,0.0015
2026-06-16T11:02Z,Czech Republic,0.0,0.0015
2026-06-16T11:02Z,DR Congo,0.0,0.0015
2026-06-16T11:02Z,Ghana,0.0,0.0015
2026-06-16T11:02Z,Paraguay,0.0,0.0015
2026-06-16T11:02Z,Austria,0.002,0.0045
2026-06-16T11:02Z,Australia,0.001,0.0035
2026-06-16T11:02Z,Egypt,0.0,0.0025
2026-06-16T11:02Z,Switzerland,0.006,0.0085
2026-06-16T11:02Z,Uruguay,0.003,0.0065
2026-06-16T11:02Z,South Korea,0.0,0.0035
2026-06-16T11:02Z,Sweden,0.001,0.0055
2026-06-16T11:02Z,England,0.099,0.1055
2026-06-16T11:02Z,Mexico,0.002,0.0125
2026-06-16T11:02Z,Portugal,0.095,0.1075
2026-06-16T11:02Z,Japan,0.006,0.0185
2026-06-16T11:02Z,Norway,0.012,0.0245
2026-06-16T11:02Z,Netherlands,0.026,0.0455
2026-06-16T11:02Z,United States,0.001,0.0205
2026-06-16T11:02Z,Brazil,0.047,0.0665
2026-06-16T11:02Z,Germany,0.031,0.0635
2026-06-16T11:02Z,France,0.081,0.1765
2026-06-16T11:59Z,Argentina,0.24,0.0925
2026-06-16T11:59Z,Spain,0.222,0.1405
2026-06-16T11:59Z,Morocco,0.053,0.0215
2026-06-16T11:59Z,Belgium,0.026,0.0175
2026-06-16T11:59Z,Colombia,0.017,0.0155
2026-06-16T11:59Z,Ivory Coast,0.007,0.0055
2026-06-16T11:59Z,Algeria,0.003,0.0015
2026-06-16T11:59Z,Croatia,0.009,0.0085
2026-06-16T11:59Z,Cape Verde,0.0,0.0005
2026-06-16T11:59Z,Curaçao,0.0,0.0005
2026-06-16T11:59Z,DR Congo,0.0,0.0005
2026-06-16T11:59Z,Haiti,0.0,0.0005
2026-06-16T11:59Z,Iran,0.0,0.0005
2026-06-16T11:59Z,Iraq,0.0,0.0005
2026-06-16T11:59Z,Jordan,0.0,0.0005
2026-06-16T11:59Z,New Zealand,0.0,0.0005
2026-06-16T11:59Z,Panama,0.0,0.0005
2026-06-16T11:59Z,Qatar,0.0,0.0005
2026-06-16T11:59Z,Saudi Arabia,0.0,0.0005
2026-06-16T11:59Z,South Africa,0.0,0.0005
2026-06-16T11:59Z,Tunisia,0.0,0.0005
2026-06-16T11:59Z,Uzbekistan,0.0,0.0005
2026-06-16T11:59Z,Senegal,0.005,0.0065
2026-06-16T11:59Z,Ecuador,0.003,0.0045
2026-06-16T11:59Z,Canada,0.001,0.0025
2026-06-16T11:59Z,Scotland,0.001,0.0025
2026-06-16T11:59Z,Bosnia and Herzegovina,0.0,0.0015
2026-06-16T11:59Z,Czech Republic,0.0,0.0015
2026-06-16T11:59Z,Ghana,0.0,0.0015
2026-06-16T11:59Z,Paraguay,0.0,0.0015
2026-06-16T11:59Z,Austria,0.002,0.0045
2026-06-16T11:59Z,Egypt,0.0,0.0025
2026-06-16T11:59Z,Switzerland,0.006,0.0085
2026-06-16T11:59Z,Uruguay,0.003,0.0065
2026-06-16T11:59Z,South Korea,0.0,0.0035
2026-06-16T11:59Z,Australia,0.001,0.0055
2026-06-16T11:59Z,Sweden,0.001,0.0055
2026-06-16T11:59Z,England,0.099,0.1055
2026-06-16T11:59Z,Portugal,0.095,0.1075
2026-06-16T11:59Z,Japan,0.006,0.0185
2026-06-16T11:59Z,Norway,0.012,0.0245
2026-06-16T11:59Z,Mexico,0.002,0.0145
2026-06-16T11:59Z,Netherlands,0.026,0.0455
2026-06-16T11:59Z,United States,0.001,0.0205
2026-06-16T11:59Z,Brazil,0.047,0.0665
2026-06-16T11:59Z,Germany,0.031,0.0635
2026-06-16T11:59Z,France,0.081,0.1765
2026-06-16T13:52Z,Argentina,0.24,0.0965
2026-06-16T13:52Z,Spain,0.222,0.1385
2026-06-16T13:52Z,Morocco,0.053,0.0215
2026-06-16T13:52Z,Belgium,0.026,0.0175
2026-06-16T13:52Z,Colombia,0.017,0.0155
2026-06-16T13:52Z,Ivory Coast,0.007,0.0055
2026-06-16T13:52Z,Algeria,0.003,0.0015
2026-06-16T13:52Z,Croatia,0.009,0.0085
2026-06-16T13:52Z,Cape Verde,0.0,0.0005
2026-06-16T13:52Z,Curaçao,0.0,0.0005
2026-06-16T13:52Z,DR Congo,0.0,0.0005
2026-06-16T13:52Z,Haiti,0.0,0.0005
2026-06-16T13:52Z,Iran,0.0,0.0005
2026-06-16T13:52Z,Iraq,0.0,0.0005
2026-06-16T13:52Z,Jordan,0.0,0.0005
2026-06-16T13:52Z,New Zealand,0.0,0.0005
2026-06-16T13:52Z,Panama,0.0,0.0005
2026-06-16T13:52Z,Qatar,0.0,0.0005
2026-06-16T13:52Z,Saudi Arabia,0.0,0.0005
2026-06-16T13:52Z,South Africa,0.0,0.0005
2026-06-16T13:52Z,Tunisia,0.0,0.0005
2026-06-16T13:52Z,Uzbekistan,0.0,0.0005
2026-06-16T13:52Z,Senegal,0.005,0.0065
2026-06-16T13:52Z,Ecuador,0.003,0.0045
2026-06-16T13:52Z,Canada,0.001,0.0025
2026-06-16T13:52Z,Scotland,0.001,0.0025
2026-06-16T13:52Z,Bosnia and Herzegovina,0.0,0.0015
2026-06-16T13:52Z,Czech Republic,0.0,0.0015
2026-06-16T13:52Z,Ghana,0.0,0.0015
2026-06-16T13:52Z,Paraguay,0.0,0.0015
2026-06-16T13:52Z,Austria,0.002,0.0045
2026-06-16T13:52Z,Egypt,0.0,0.0025
2026-06-16T13:52Z,Switzerland,0.006,0.0085
2026-06-16T13:52Z,Uruguay,0.003,0.0065
2026-06-16T13:52Z,Australia,0.001,0.0045
2026-06-16T13:52Z,South Korea,0.0,0.0035
2026-06-16T13:52Z,Sweden,0.001,0.0055
2026-06-16T13:52Z,England,0.099,0.1055
2026-06-16T13:52Z,Portugal,0.095,0.1075
2026-06-16T13:52Z,Japan,0.006,0.0185
2026-06-16T13:52Z,Norway,0.012,0.0245
2026-06-16T13:52Z,Mexico,0.002,0.0145
2026-06-16T13:52Z,Netherlands,0.026,0.0455
2026-06-16T13:52Z,United States,0.001,0.0205
2026-06-16T13:52Z,Brazil,0.047,0.0665
2026-06-16T13:52Z,Germany,0.031,0.0635
2026-06-16T13:52Z,France,0.081,0.1745
2026-06-16T15:35Z,Argentina,0.24,0.0965
2026-06-16T15:35Z,Spain,0.222,0.1385
2026-06-16T15:35Z,Morocco,0.053,0.0215
2026-06-16T15:35Z,Belgium,0.026,0.0175
2026-06-16T15:35Z,Colombia,0.017,0.0155
2026-06-16T15:35Z,Ivory Coast,0.007,0.0055
2026-06-16T15:35Z,Algeria,0.003,0.0015
2026-06-16T15:35Z,Croatia,0.009,0.0085
2026-06-16T15:35Z,Cape Verde,0.0,0.0005
2026-06-16T15:35Z,Curaçao,0.0,0.0005
2026-06-16T15:35Z,DR Congo,0.0,0.0005
2026-06-16T15:35Z,Haiti,0.0,0.0005
2026-06-16T15:35Z,Iran,0.0,0.0005
2026-06-16T15:35Z,Iraq,0.0,0.0005
2026-06-16T15:35Z,Jordan,0.0,0.0005
2026-06-16T15:35Z,New Zealand,0.0,0.0005
2026-06-16T15:35Z,Panama,0.0,0.0005
2026-06-16T15:35Z,Qatar,0.0,0.0005
2026-06-16T15:35Z,Saudi Arabia,0.0,0.0005
2026-06-16T15:35Z,South Africa,0.0,0.0005
2026-06-16T15:35Z,Tunisia,0.0,0.0005
2026-06-16T15:35Z,Uzbekistan,0.0,0.0005
2026-06-16T15:35Z,Senegal,0.005,0.0065
2026-06-16T15:35Z,Ecuador,0.003,0.0045
2026-06-16T15:35Z,Canada,0.001,0.0025
2026-06-16T15:35Z,Scotland,0.001,0.0025
2026-06-16T15:35Z,Bosnia and Herzegovina,0.0,0.0015
2026-06-16T15:35Z,Czech Republic,0.0,0.0015
2026-06-16T15:35Z,Ghana,0.0,0.0015
2026-06-16T15:35Z,Paraguay,0.0,0.0015
2026-06-16T15:35Z,Austria,0.002,0.0045
2026-06-16T15:35Z,Egypt,0.0,0.0025
2026-06-16T15:35Z,Switzerland,0.006,0.0085
2026-06-16T15:35Z,Uruguay,0.003,0.0065
2026-06-16T15:35Z,Australia,0.001,0.0045
2026-06-16T15:35Z,South Korea,0.0,0.0035
2026-06-16T15:35Z,Sweden,0.001,0.0055
2026-06-16T15:35Z,England,0.099,0.1055
2026-06-16T15:35Z,Japan,0.006,0.0175
2026-06-16T15:35Z,Portugal,0.095,0.1075
2026-06-16T15:35Z,Norway,0.012,0.0245
2026-06-16T15:35Z,Mexico,0.002,0.0145
2026-06-16T15:35Z,Netherlands,0.026,0.0455
2026-06-16T15:35Z,United States,0.001,0.0205
2026-06-16T15:35Z,Brazil,0.047,0.0665
2026-06-16T15:35Z,Germany,0.031,0.0625
2026-06-16T15:35Z,France,0.081,0.1745
2026-06-16T19:10Z,Argentina,0.24,0.0965
2026-06-16T19:10Z,Spain,0.222,0.1385
2026-06-16T19:10Z,Morocco,0.053,0.0255
2026-06-16T19:10Z,Belgium,0.026,0.0175
2026-06-16T19:10Z,Colombia,0.017,0.0155
2026-06-16T19:10Z,Ivory Coast,0.007,0.0055
2026-06-16T19:10Z,Algeria,0.003,0.0015
2026-06-16T19:10Z,Croatia,0.009,0.0085
2026-06-16T19:10Z,Cape Verde,0.0,0.0005
2026-06-16T19:10Z,Curaçao,0.0,0.0005
2026-06-16T19:10Z,Czech Republic,0.0,0.0005
2026-06-16T19:10Z,DR Congo,0.0,0.0005
2026-06-16T19:10Z,Haiti,0.0,0.0005
2026-06-16T19:10Z,Iran,0.0,0.0005
2026-06-16T19:10Z,Iraq,0.0,0.0005
2026-06-16T19:10Z,Jordan,0.0,0.0005
2026-06-16T19:10Z,New Zealand,0.0,0.0005
2026-06-16T19:10Z,Panama,0.0,0.0005
2026-06-16T19:10Z,Qatar,0.0,0.0005
2026-06-16T19:10Z,Saudi Arabia,0.0,0.0005
2026-06-16T19:10Z,South Africa,0.0,0.0005
2026-06-16T19:10Z,Tunisia,0.0,0.0005
2026-06-16T19:10Z,Uzbekistan,0.0,0.0005
2026-06-16T19:10Z,Senegal,0.005,0.0065
2026-06-16T19:10Z,Ecuador,0.003,0.0045
2026-06-16T19:10Z,Canada,0.001,0.0025
2026-06-16T19:10Z,Scotland,0.001,0.0025
2026-06-16T19:10Z,Bosnia and Herzegovina,0.0,0.0015
2026-06-16T19:10Z,Ghana,0.0,0.0015
2026-06-16T19:10Z,Paraguay,0.0,0.0015
2026-06-16T19:10Z,Austria,0.002,0.0045
2026-06-16T19:10Z,Egypt,0.0,0.0025
2026-06-16T19:10Z,Switzerland,0.006,0.0085
2026-06-16T19:10Z,Uruguay,0.003,0.0065
2026-06-16T19:10Z,Australia,0.001,0.0045
2026-06-16T19:10Z,South Korea,0.0,0.0035
2026-06-16T19:10Z,Sweden,0.001,0.0055
2026-06-16T19:10Z,England,0.099,0.1075
2026-06-16T19:10Z,Japan,0.006,0.0175
2026-06-16T19:10Z,Portugal,0.095,0.1075
2026-06-16T19:10Z,Mexico,0.002,0.0145
2026-06-16T19:10Z,Norway,0.012,0.0265
2026-06-16T19:10Z,Netherlands,0.026,0.0455
2026-06-16T19:10Z,United States,0.001,0.0205
2026-06-16T19:10Z,Brazil,0.047,0.0665
2026-06-16T19:10Z,Germany,0.031,0.0615
2026-06-16T19:10Z,France,0.081,0.1825
2026-06-16T21:54Z,Argentina,0.209,0.1105
2026-06-16T21:54Z,Spain,0.201,0.1375
2026-06-16T21:54Z,Morocco,0.05,0.0235
2026-06-16T21:54Z,England,0.12,0.1055
2026-06-16T21:54Z,Belgium,0.028,0.0175
2026-06-16T21:54Z,Colombia,0.022,0.0155
2026-06-16T21:54Z,Australia,0.007,0.0045
2026-06-16T21:54Z,Croatia,0.011,0.0085
2026-06-16T21:54Z,Austria,0.005,0.0045
2026-06-16T21:54Z,Algeria,0.002,0.0015
2026-06-16T21:54Z,Switzerland,0.009,0.0085
2026-06-16T21:54Z,Japan,0.018,0.0175
2026-06-16T21:54Z,Ecuador,0.004,0.0045
2026-06-16T21:54Z,Cape Verde,0.0,0.0005
2026-06-16T21:54Z,Curaçao,0.0,0.0005
2026-06-16T21:54Z,Czech Republic,0.0,0.0005
2026-06-16T21:54Z,DR Congo,0.0,0.0005
2026-06-16T21:54Z,Haiti,0.0,0.0005
2026-06-16T21:54Z,Iran,0.0,0.0005
2026-06-16T21:54Z,Iraq,0.0,0.0005
2026-06-16T21:54Z,Jordan,0.0,0.0005
2026-06-16T21:54Z,New Zealand,0.0,0.0005
2026-06-16T21:54Z,Panama,0.0,0.0005
2026-06-16T21:54Z,Qatar,0.0,0.0005
2026-06-16T21:54Z,Saudi Arabia,0.0,0.0005
2026-06-16T21:54Z,South Africa,0.0,0.0005
2026-06-16T21:54Z,Tunisia,0.0,0.0005
2026-06-16T21:54Z,Uzbekistan,0.0,0.0005
2026-06-16T21:54Z,Canada,0.001,0.0025
2026-06-16T21:54Z,Bosnia and Herzegovina,0.0,0.0015
2026-06-16T21:54Z,Ghana,0.0,0.0015
2026-06-16T21:54Z,Paraguay,0.0,0.0015
2026-06-16T21:54Z,Uruguay,0.004,0.0065
2026-06-16T21:54Z,Ivory Coast,0.003,0.0055
2026-06-16T21:54Z,Egypt,0.0,0.0025
2026-06-16T21:54Z,Scotland,0.0,0.0025
2026-06-16T21:54Z,South Korea,0.0,0.0035
2026-06-16T21:54Z,Senegal,0.002,0.0065
2026-06-16T21:54Z,Sweden,0.001,0.0055
2026-06-16T21:54Z,Mexico,0.004,0.0145
2026-06-16T21:54Z,Netherlands,0.029,0.0455
2026-06-16T21:54Z,United States,0.002,0.0215
2026-06-16T21:54Z,Portugal,0.082,0.1035
2026-06-16T21:54Z,Norway,0.007,0.0285
2026-06-16T21:54Z,Brazil,0.041,0.0665
2026-06-16T21:54Z,Germany,0.029,0.0605
2026-06-16T21:54Z,France,0.108,0.1865
2026-06-16T23:22Z,Argentina,0.209,0.1015
2026-06-16T23:22Z,Spain,0.201,0.1325
2026-06-16T23:22Z,Morocco,0.05,0.0225
2026-06-16T23:22Z,England,0.12,0.1045
2026-06-16T23:22Z,Belgium,0.028,0.0175
2026-06-16T23:22Z,Colombia,0.022,0.0155
2026-06-16T23:22Z,Australia,0.007,0.0045
2026-06-16T23:22Z,Croatia,0.011,0.0085
2026-06-16T23:22Z,Japan,0.018,0.0165
2026-06-16T23:22Z,Austria,0.005,0.0045
2026-06-16T23:22Z,Algeria,0.002,0.0015
2026-06-16T23:22Z,Switzerland,0.009,0.0085
2026-06-16T23:22Z,Ecuador,0.004,0.0045
2026-06-16T23:22Z,Cape Verde,0.0,0.0005
2026-06-16T23:22Z,Curaçao,0.0,0.0005
2026-06-16T23:22Z,Czech Republic,0.0,0.0005
2026-06-16T23:22Z,DR Congo,0.0,0.0005
2026-06-16T23:22Z,Haiti,0.0,0.0005
2026-06-16T23:22Z,Iran,0.0,0.0005
2026-06-16T23:22Z,Iraq,0.0,0.0005
2026-06-16T23:22Z,Jordan,0.0,0.0005
2026-06-16T23:22Z,New Zealand,0.0,0.0005
2026-06-16T23:22Z,Panama,0.0,0.0005
2026-06-16T23:22Z,Qatar,0.0,0.0005
2026-06-16T23:22Z,Saudi Arabia,0.0,0.0005
2026-06-16T23:22Z,South Africa,0.0,0.0005
2026-06-16T23:22Z,Tunisia,0.0,0.0005
2026-06-16T23:22Z,Uzbekistan,0.0,0.0005
2026-06-16T23:22Z,Canada,0.001,0.0025
2026-06-16T23:22Z,Bosnia and Herzegovina,0.0,0.0015
2026-06-16T23:22Z,Ghana,0.0,0.0015
2026-06-16T23:22Z,Paraguay,0.0,0.0015
2026-06-16T23:22Z,Uruguay,0.004,0.0065
2026-06-16T23:22Z,Ivory Coast,0.003,0.0055
2026-06-16T23:22Z,Egypt,0.0,0.0025
2026-06-16T23:22Z,Scotland,0.0,0.0025
2026-06-16T23:22Z,South Korea,0.0,0.0035
2026-06-16T23:22Z,Senegal,0.002,0.0065
2026-06-16T23:22Z,Sweden,0.001,0.0055
2026-06-16T23:22Z,Mexico,0.004,0.0145
2026-06-16T23:22Z,Netherlands,0.029,0.0455
2026-06-16T23:22Z,Portugal,0.082,0.1005
2026-06-16T23:22Z,United States,0.002,0.0215
2026-06-16T23:22Z,Norway,0.007,0.0265
2026-06-16T23:22Z,Brazil,0.041,0.0665
2026-06-16T23:22Z,Germany,0.029,0.0585
2026-06-16T23:22Z,France,0.108,0.1805
2026-06-17T01:48Z,Argentina,0.215,0.1095
2026-06-17T01:48Z,Spain,0.205,0.1325
2026-06-17T01:48Z,Morocco,0.042,0.0255
2026-06-17T01:48Z,England,0.119,0.1045
2026-06-17T01:48Z,Belgium,0.028,0.0175
2026-06-17T01:48Z,Colombia,0.023,0.0155
2026-06-17T01:48Z,Croatia,0.014,0.0085
2026-06-17T01:48Z,Switzerland,0.01,0.0085
2026-06-17T01:48Z,Australia,0.005,0.0045
2026-06-17T01:48Z,Algeria,0.002,0.0015
2026-06-17T01:48Z,Cape Verde,0.001,0.0005
2026-06-17T01:48Z,Curaçao,0.0,0.0005
2026-06-17T01:48Z,Czech Republic,0.0,0.0005
2026-06-17T01:48Z,DR Congo,0.0,0.0005
2026-06-17T01:48Z,Haiti,0.0,0.0005
2026-06-17T01:48Z,Iran,0.0,0.0005
2026-06-17T01:48Z,Iraq,0.0,0.0005
2026-06-17T01:48Z,Jordan,0.0,0.0005
2026-06-17T01:48Z,New Zealand,0.0,0.0005
2026-06-17T01:48Z,Panama,0.0,0.0005
2026-06-17T01:48Z,Qatar,0.0,0.0005
2026-06-17T01:48Z,Saudi Arabia,0.0,0.0005
2026-06-17T01:48Z,South Africa,0.0,0.0005
2026-06-17T01:48Z,Tunisia,0.0,0.0005
2026-06-17T01:48Z,Uzbekistan,0.0,0.0005
2026-06-17T01:48Z,Ecuador,0.003,0.0045
2026-06-17T01:48Z,Bosnia and Herzegovina,0.0,0.0015
2026-06-17T01:48Z,Ghana,0.0,0.0015
2026-06-17T01:48Z,Paraguay,0.0,0.0015
2026-06-17T01:48Z,Uruguay,0.004,0.0065
2026-06-17T01:48Z,Canada,0.0,0.0025
2026-06-17T01:48Z,Egypt,0.0,0.0025
2026-06-17T01:48Z,Scotland,0.0,0.0025
2026-06-17T01:48Z,Senegal,0.003,0.0065
2026-06-17T01:48Z,Ivory Coast,0.002,0.0055
2026-06-17T01:48Z,South Korea,0.0,0.0035
2026-06-17T01:48Z,Sweden,0.001,0.0055
2026-06-17T01:48Z,Austria,0.0,0.0045
2026-06-17T01:48Z,Brazil,0.058,0.0665
2026-06-17T01:48Z,Netherlands,0.037,0.0455
2026-06-17T01:48Z,Japan,0.005,0.0165
2026-06-17T01:48Z,Mexico,0.003,0.0145
2026-06-17T01:48Z,Norway,0.011,0.0265
2026-06-17T01:48Z,Portugal,0.081,0.1005
2026-06-17T01:48Z,United States,0.001,0.0225
2026-06-17T01:48Z,Germany,0.034,0.0565
2026-06-17T01:48Z,France,0.092,0.1845
2026-06-17T07:06Z,Argentina,0.248,0.1065
2026-06-17T07:06Z,Spain,0.204,0.1325
2026-06-17T07:06Z,Colombia,0.026,0.0155
2026-06-17T07:06Z,Morocco,0.033,0.0235
2026-06-17T07:06Z,England,0.113,0.1045
2026-06-17T07:06Z,Belgium,0.021,0.0165
2026-06-17T07:06Z,Croatia,0.011,0.0075
2026-06-17T07:06Z,Ecuador,0.005,0.0045
2026-06-17T07:06Z,Canada,0.003,0.0025
2026-06-17T07:06Z,Uruguay,0.006,0.0065
2026-06-17T07:06Z,Austria,0.004,0.0045
2026-06-17T07:06Z,Algeria,0.001,0.0015
2026-06-17T07:06Z,Cape Verde,0.0,0.0005
2026-06-17T07:06Z,Curaçao,0.0,0.0005
2026-06-17T07:06Z,Czech Republic,0.0,0.0005
2026-06-17T07:06Z,DR Congo,0.0,0.0005
2026-06-17T07:06Z,Haiti,0.0,0.0005
2026-06-17T07:06Z,Iran,0.0,0.0005
2026-06-17T07:06Z,Iraq,0.0,0.0005
2026-06-17T07:06Z,Jordan,0.0,0.0005
2026-06-17T07:06Z,New Zealand,0.0,0.0005
2026-06-17T07:06Z,Panama,0.0,0.0005
2026-06-17T07:06Z,Qatar,0.0,0.0005
2026-06-17T07:06Z,Saudi Arabia,0.0,0.0005
2026-06-17T07:06Z,South Africa,0.0,0.0005
2026-06-17T07:06Z,Tunisia,0.0,0.0005
2026-06-17T07:06Z,Uzbekistan,0.0,0.0005
2026-06-17T07:06Z,Ivory Coast,0.004,0.0055
2026-06-17T07:06Z,Australia,0.003,0.0045
2026-06-17T07:06Z,Bosnia and Herzegovina,0.0,0.0015
2026-06-17T07:06Z,Ghana,0.0,0.0015
2026-06-17T07:06Z,Paraguay,0.0,0.0015
2026-06-17T07:06Z,Switzerland,0.007,0.0085
2026-06-17T07:06Z,Japan,0.015,0.0165
2026-06-17T07:06Z,Egypt,0.0,0.0025
2026-06-17T07:06Z,Scotland,0.0,0.0025
2026-06-17T07:06Z,South Korea,0.0,0.0035
2026-06-17T07:06Z,Sweden,0.0,0.0055
2026-06-17T07:06Z,Senegal,0.0,0.0065
2026-06-17T07:06Z,Brazil,0.058,0.0665
2026-06-17T07:06Z,Netherlands,0.036,0.0445
2026-06-17T07:06Z,Mexico,0.002,0.0145
2026-06-17T07:06Z,Norway,0.007,0.0255
2026-06-17T07:06Z,United States,0.0,0.0225
2026-06-17T07:06Z,Portugal,0.074,0.1015
2026-06-17T07:06Z,Germany,0.028,0.0565
2026-06-17T07:06Z,France,0.088,0.1845
2026-06-17T12:04Z,Argentina,0.248,0.1205
2026-06-17T12:04Z,Spain,0.204,0.1325
2026-06-17T12:04Z,Colombia,0.026,0.0145
2026-06-17T12:04Z,Morocco,0.033,0.0235
2026-06-17T12:04Z,England,0.113,0.1045
2026-06-17T12:04Z,Belgium,0.021,0.0165
2026-06-17T12:04Z,Croatia,0.011,0.0075
2026-06-17T12:04Z,Ecuador,0.005,0.0045
2026-06-17T12:04Z,Canada,0.003,0.0025
2026-06-17T12:04Z,Uruguay,0.006,0.0065
2026-06-17T12:04Z,Austria,0.004,0.0045
2026-06-17T12:04Z,Algeria,0.001,0.0015
2026-06-17T12:04Z,Cape Verde,0.0,0.0005
2026-06-17T12:04Z,Curaçao,0.0,0.0005
2026-06-17T12:04Z,Czech Republic,0.0,0.0005
2026-06-17T12:04Z,DR Congo,0.0,0.0005
2026-06-17T12:04Z,Haiti,0.0,0.0005
2026-06-17T12:04Z,Iran,0.0,0.0005
2026-06-17T12:04Z,Iraq,0.0,0.0005
2026-06-17T12:04Z,Jordan,0.0,0.0005
2026-06-17T12:04Z,New Zealand,0.0,0.0005
2026-06-17T12:04Z,Panama,0.0,0.0005
2026-06-17T12:04Z,Qatar,0.0,0.0005
2026-06-17T12:04Z,Saudi Arabia,0.0,0.0005
2026-06-17T12:04Z,South Africa,0.0,0.0005
2026-06-17T12:04Z,Tunisia,0.0,0.0005
2026-06-17T12:04Z,Uzbekistan,0.0,0.0005
2026-06-17T12:04Z,Ivory Coast,0.004,0.0055
2026-06-17T12:04Z,Australia,0.003,0.0045
2026-06-17T12:04Z,Bosnia and Herzegovina,0.0,0.0015
2026-06-17T12:04Z,Ghana,0.0,0.0015
2026-06-17T12:04Z,Paraguay,0.0,0.0015
2026-06-17T12:04Z,Switzerland,0.007,0.0085
2026-06-17T12:04Z,Japan,0.015,0.0165
2026-06-17T12:04Z,Egypt,0.0,0.0025
2026-06-17T12:04Z,Scotland,0.0,0.0025
2026-06-17T12:04Z,South Korea,0.0,0.0035
2026-06-17T12:04Z,Sweden,0.0,0.0055
2026-06-17T12:04Z,Senegal,0.0,0.0065
2026-06-17T12:04Z,Brazil,0.058,0.0665
2026-06-17T12:04Z,Netherlands,0.036,0.0445
2026-06-17T12:04Z,Mexico,0.002,0.0145
2026-06-17T12:04Z,Norway,0.007,0.0265
2026-06-17T12:04Z,United States,0.0,0.0225
2026-06-17T12:04Z,Portugal,0.074,0.1025
2026-06-17T12:04Z,Germany,0.028,0.0565
2026-06-17T12:04Z,France,0.088,0.1845
2026-06-17T15:36Z,Argentina,0.248,0.1155
2026-06-17T15:36Z,Spain,0.204,0.1335
2026-06-17T15:36Z,Colombia,0.026,0.0145
2026-06-17T15:36Z,Morocco,0.033,0.0235
2026-06-17T15:36Z,England,0.113,0.1045
2026-06-17T15:36Z,Belgium,0.021,0.0165
2026-06-17T15:36Z,Croatia,0.011,0.0075
2026-06-17T15:36Z,Ecuador,0.005,0.0045
2026-06-17T15:36Z,Canada,0.003,0.0025
2026-06-17T15:36Z,Uruguay,0.006,0.0065
2026-06-17T15:36Z,Austria,0.004,0.0045
2026-06-17T15:36Z,Algeria,0.001,0.0015
2026-06-17T15:36Z,Cape Verde,0.0,0.0005
2026-06-17T15:36Z,Curaçao,0.0,0.0005
2026-06-17T15:36Z,Czech Republic,0.0,0.0005
2026-06-17T15:36Z,DR Congo,0.0,0.0005
2026-06-17T15:36Z,Haiti,0.0,0.0005
2026-06-17T15:36Z,Iran,0.0,0.0005
2026-06-17T15:36Z,Iraq,0.0,0.0005
2026-06-17T15:36Z,Jordan,0.0,0.0005
2026-06-17T15:36Z,New Zealand,0.0,0.0005
2026-06-17T15:36Z,Panama,0.0,0.0005
2026-06-17T15:36Z,Qatar,0.0,0.0005
2026-06-17T15:36Z,Saudi Arabia,0.0,0.0005
2026-06-17T15:36Z,South Africa,0.0,0.0005
2026-06-17T15:36Z,Tunisia,0.0,0.0005
2026-06-17T15:36Z,Uzbekistan,0.0,0.0005
2026-06-17T15:36Z,Ivory Coast,0.004,0.0055
2026-06-17T15:36Z,Australia,0.003,0.0045
2026-06-17T15:36Z,Bosnia and Herzegovina,0.0,0.0015
2026-06-17T15:36Z,Ghana,0.0,0.0015
2026-06-17T15:36Z,Paraguay,0.0,0.0015
2026-06-17T15:36Z,Switzerland,0.007,0.0085
2026-06-17T15:36Z,Japan,0.015,0.0165
2026-06-17T15:36Z,Egypt,0.0,0.0025
2026-06-17T15:36Z,Scotland,0.0,0.0025
2026-06-17T15:36Z,South Korea,0.0,0.0035
2026-06-17T15:36Z,Sweden,0.0,0.0055
2026-06-17T15:36Z,Senegal,0.0,0.0065
2026-06-17T15:36Z,Brazil,0.058,0.0665
2026-06-17T15:36Z,Netherlands,0.036,0.0445
2026-06-17T15:36Z,Mexico,0.002,0.0145
2026-06-17T15:36Z,Norway,0.007,0.0255
2026-06-17T15:36Z,United States,0.0,0.0225
2026-06-17T15:36Z,Germany,0.028,0.0565
2026-06-17T15:36Z,Portugal,0.074,0.1035
2026-06-17T15:36Z,France,0.088,0.1845
2026-06-17T18:08Z,Argentina,0.248,0.1095
2026-06-17T18:08Z,Spain,0.204,0.1335
2026-06-17T18:08Z,Colombia,0.026,0.0145
2026-06-17T18:08Z,Morocco,0.033,0.0235
2026-06-17T18:08Z,England,0.113,0.1045
2026-06-17T18:08Z,Belgium,0.021,0.0165
2026-06-17T18:08Z,Croatia,0.011,0.0075
2026-06-17T18:08Z,Ecuador,0.005,0.0045
2026-06-17T18:08Z,Canada,0.003,0.0025
2026-06-17T18:08Z,Uruguay,0.006,0.0065
2026-06-17T18:08Z,Austria,0.004,0.0045
2026-06-17T18:08Z,Algeria,0.001,0.0015
2026-06-17T18:08Z,Cape Verde,0.0,0.0005
2026-06-17T18:08Z,Curaçao,0.0,0.0005
2026-06-17T18:08Z,Czech Republic,0.0,0.0005
2026-06-17T18:08Z,DR Congo,0.0,0.0005
2026-06-17T18:08Z,Haiti,0.0,0.0005
2026-06-17T18:08Z,Iran,0.0,0.0005
2026-06-17T18:08Z,Iraq,0.0,0.0005
2026-06-17T18:08Z,Jordan,0.0,0.0005
2026-06-17T18:08Z,New Zealand,0.0,0.0005
2026-06-17T18:08Z,Panama,0.0,0.0005
2026-06-17T18:08Z,Qatar,0.0,0.0005
2026-06-17T18:08Z,Saudi Arabia,0.0,0.0005
2026-06-17T18:08Z,South Africa,0.0,0.0005
2026-06-17T18:08Z,Tunisia,0.0,0.0005
2026-06-17T18:08Z,Uzbekistan,0.0,0.0005
2026-06-17T18:08Z,Ivory Coast,0.004,0.0055
2026-06-17T18:08Z,Australia,0.003,0.0045
2026-06-17T18:08Z,Bosnia and Herzegovina,0.0,0.0015
2026-06-17T18:08Z,Ghana,0.0,0.0015
2026-06-17T18:08Z,Paraguay,0.0,0.0015
2026-06-17T18:08Z,Switzerland,0.007,0.0085
2026-06-17T18:08Z,Japan,0.015,0.0165
2026-06-17T18:08Z,Egypt,0.0,0.0025
2026-06-17T18:08Z,Scotland,0.0,0.0025
2026-06-17T18:08Z,South Korea,0.0,0.0035
2026-06-17T18:08Z,Sweden,0.0,0.0055
2026-06-17T18:08Z,Senegal,0.0,0.0065
2026-06-17T18:08Z,Netherlands,0.036,0.0435
2026-06-17T18:08Z,Brazil,0.058,0.0665
2026-06-17T18:08Z,Mexico,0.002,0.0145
2026-06-17T18:08Z,Norway,0.007,0.0255
2026-06-17T18:08Z,United States,0.0,0.0225
2026-06-17T18:08Z,Germany,0.028,0.0565
2026-06-17T18:08Z,Portugal,0.074,0.1105
2026-06-17T18:08Z,France,0.088,0.1845
2026-06-17T20:35Z,Argentina,0.25,0.1125
2026-06-17T20:35Z,Spain,0.224,0.1365
2026-06-17T20:35Z,Morocco,0.043,0.0235
2026-06-17T20:35Z,Colombia,0.033,0.0145
2026-06-17T20:35Z,Belgium,0.027,0.0165
2026-06-17T20:35Z,Algeria,0.003,0.0015
2026-06-17T20:35Z,Croatia,0.009,0.0075
2026-06-17T20:35Z,Iran,0.001,0.0005
2026-06-17T20:35Z,Uruguay,0.006,0.0065
2026-06-17T20:35Z,Ecuador,0.004,0.0045
2026-06-17T20:35Z,Cape Verde,0.0,0.0005
2026-06-17T20:35Z,Curaçao,0.0,0.0005
2026-06-17T20:35Z,Czech Republic,0.0,0.0005
2026-06-17T20:35Z,Haiti,0.0,0.0005
2026-06-17T20:35Z,Iraq,0.0,0.0005
2026-06-17T20:35Z,Jordan,0.0,0.0005
2026-06-17T20:35Z,New Zealand,0.0,0.0005
2026-06-17T20:35Z,Panama,0.0,0.0005
2026-06-17T20:35Z,Qatar,0.0,0.0005
2026-06-17T20:35Z,Saudi Arabia,0.0,0.0005
2026-06-17T20:35Z,South Africa,0.0,0.0005
2026-06-17T20:35Z,Tunisia,0.0,0.0005
2026-06-17T20:35Z,Uzbekistan,0.0,0.0005
2026-06-17T20:35Z,Austria,0.003,0.0045
2026-06-17T20:35Z,Bosnia and Herzegovina,0.0,0.0015
2026-06-17T20:35Z,DR Congo,0.0,0.0015
2026-06-17T20:35Z,Ghana,0.0,0.0015
2026-06-17T20:35Z,Paraguay,0.0,0.0015
2026-06-17T20:35Z,Australia,0.002,0.0045
2026-06-17T20:35Z,Canada,0.0,0.0025
2026-06-17T20:35Z,Egypt,0.0,0.0025
2026-06-17T20:35Z,Scotland,0.0,0.0025
2026-06-17T20:35Z,Switzerland,0.006,0.0085
2026-06-17T20:35Z,Senegal,0.003,0.0065
2026-06-17T20:35Z,Ivory Coast,0.002,0.0055
2026-06-17T20:35Z,Sweden,0.002,0.0055
2026-06-17T20:35Z,South Korea,0.0,0.0035
2026-06-17T20:35Z,Japan,0.013,0.0165
2026-06-17T20:35Z,Mexico,0.003,0.0145
2026-06-17T20:35Z,Netherlands,0.028,0.0435
2026-06-17T20:35Z,Brazil,0.05,0.0665
2026-06-17T20:35Z,Norway,0.009,0.0265
2026-06-17T20:35Z,United States,0.0,0.0225
2026-06-17T20:35Z,England,0.086,0.1135
2026-06-17T20:35Z,Germany,0.024,0.0565
2026-06-17T20:35Z,Portugal,0.052,0.0855
2026-06-17T20:35Z,France,0.114,0.1845
2026-06-17T22:28Z,Argentina,0.252,0.1155
2026-06-17T22:28Z,Spain,0.227,0.1375
2026-06-17T22:28Z,Morocco,0.049,0.0235
2026-06-17T22:28Z,Colombia,0.021,0.0145
2026-06-17T22:28Z,Belgium,0.021,0.0165
2026-06-17T22:28Z,Uruguay,0.01,0.0065
2026-06-17T22:28Z,England,0.131,0.1285
2026-06-17T22:28Z,Ivory Coast,0.005,0.0055
2026-06-17T22:28Z,Canada,0.002,0.0025
2026-06-17T22:28Z,Algeria,0.001,0.0015
2026-06-17T22:28Z,Cape Verde,0.0,0.0005
2026-06-17T22:28Z,Curaçao,0.0,0.0005
2026-06-17T22:28Z,Czech Republic,0.0,0.0005
2026-06-17T22:28Z,Haiti,0.0,0.0005
2026-06-17T22:28Z,Iran,0.0,0.0005
2026-06-17T22:28Z,Iraq,0.0,0.0005
2026-06-17T22:28Z,Jordan,0.0,0.0005
2026-06-17T22:28Z,New Zealand,0.0,0.0005
2026-06-17T22:28Z,Panama,0.0,0.0005
2026-06-17T22:28Z,Qatar,0.0,0.0005
2026-06-17T22:28Z,Saudi Arabia,0.0,0.0005
2026-06-17T22:28Z,South Africa,0.0,0.0005
2026-06-17T22:28Z,Tunisia,0.0,0.0005
2026-06-17T22:28Z,Uzbekistan,0.0,0.0005
2026-06-17T22:28Z,Switzerland,0.008,0.0085
2026-06-17T22:28Z,Austria,0.003,0.0045
2026-06-17T22:28Z,Egypt,0.001,0.0025
2026-06-17T22:28Z,Bosnia and Herzegovina,0.0,0.0015
2026-06-17T22:28Z,DR Congo,0.0,0.0015
2026-06-17T22:28Z,Ghana,0.0,0.0015
2026-06-17T22:28Z,Paraguay,0.0,0.0015
2026-06-17T22:28Z,Croatia,0.004,0.0065
2026-06-17T22:28Z,Scotland,0.0,0.0025
2026-06-17T22:28Z,Senegal,0.003,0.0065
2026-06-17T22:28Z,Australia,0.001,0.0045
2026-06-17T22:28Z,Ecuador,0.001,0.0045
2026-06-17T22:28Z,South Korea,0.0,0.0035
2026-06-17T22:28Z,Sweden,0.0,0.0055
2026-06-17T22:28Z,Japan,0.008,0.0165
2026-06-17T22:28Z,Norway,0.017,0.0265
2026-06-17T22:28Z,Mexico,0.003,0.0145
2026-06-17T22:28Z,Netherlands,0.023,0.0395
2026-06-17T22:28Z,United States,0.001,0.0225
2026-06-17T22:28Z,Germany,0.032,0.0565
2026-06-17T22:28Z,Portugal,0.05,0.0795
2026-06-17T22:28Z,Brazil,0.035,0.0665
2026-06-17T22:28Z,France,0.089,0.1845
2026-06-18T00:05Z,Argentina,0.252,0.1155
2026-06-18T00:05Z,Spain,0.227,0.1375
2026-06-18T00:05Z,Morocco,0.049,0.0235
2026-06-18T00:05Z,Colombia,0.021,0.0145
2026-06-18T00:05Z,Belgium,0.021,0.0165
2026-06-18T00:05Z,Uruguay,0.01,0.0065
2026-06-18T00:05Z,England,0.131,0.1285
2026-06-18T00:05Z,Ivory Coast,0.005,0.0055
2026-06-18T00:05Z,Canada,0.002,0.0025
2026-06-18T00:05Z,Algeria,0.001,0.0015
2026-06-18T00:05Z,Cape Verde,0.0,0.0005
2026-06-18T00:05Z,Curaçao,0.0,0.0005
2026-06-18T00:05Z,Czech Republic,0.0,0.0005
2026-06-18T00:05Z,Ghana,0.0,0.0005
2026-06-18T00:05Z,Haiti,0.0,0.0005
2026-06-18T00:05Z,Iran,0.0,0.0005
2026-06-18T00:05Z,Iraq,0.0,0.0005
2026-06-18T00:05Z,Jordan,0.0,0.0005
2026-06-18T00:05Z,New Zealand,0.0,0.0005
2026-06-18T00:05Z,Panama,0.0,0.0005
2026-06-18T00:05Z,Qatar,0.0,0.0005
2026-06-18T00:05Z,Saudi Arabia,0.0,0.0005
2026-06-18T00:05Z,South Africa,0.0,0.0005
2026-06-18T00:05Z,Tunisia,0.0,0.0005
2026-06-18T00:05Z,Uzbekistan,0.0,0.0005
2026-06-18T00:05Z,Switzerland,0.008,0.0085
2026-06-18T00:05Z,Austria,0.003,0.0045
2026-06-18T00:05Z,Egypt,0.001,0.0025
2026-06-18T00:05Z,Bosnia and Herzegovina,0.0,0.0015
2026-06-18T00:05Z,DR Congo,0.0,0.0015
2026-06-18T00:05Z,Paraguay,0.0,0.0015
2026-06-18T00:05Z,Croatia,0.004,0.0065
2026-06-18T00:05Z,Scotland,0.0,0.0025
2026-06-18T00:05Z,Senegal,0.003,0.0065
2026-06-18T00:05Z,Australia,0.001,0.0045
2026-06-18T00:05Z,Ecuador,0.001,0.0045
2026-06-18T00:05Z,South Korea,0.0,0.0035
2026-06-18T00:05Z,Sweden,0.0,0.0055
2026-06-18T00:05Z,Japan,0.008,0.0165
2026-06-18T00:05Z,Norway,0.017,0.0265
2026-06-18T00:05Z,Mexico,0.003,0.0145
2026-06-18T00:05Z,Netherlands,0.023,0.0395
2026-06-18T00:05Z,United States,0.001,0.0225
2026-06-18T00:05Z,Germany,0.032,0.0565
2026-06-18T00:05Z,Portugal,0.05,0.0775
2026-06-18T00:05Z,Brazil,0.035,0.0665
2026-06-18T00:05Z,France,0.089,0.1845
2026-06-18T05:08Z,Argentina,0.262,0.1175
2026-06-18T05:08Z,Spain,0.224,0.1375
2026-06-18T05:08Z,Morocco,0.043,0.0235
2026-06-18T05:08Z,Colombia,0.027,0.0155
2026-06-18T05:08Z,Belgium,0.026,0.0165
2026-06-18T05:08Z,Croatia,0.008,0.0065
2026-06-18T05:08Z,Australia,0.004,0.0045
2026-06-18T05:08Z,Cape Verde,0.0,0.0005
2026-06-18T05:08Z,Curaçao,0.0,0.0005
2026-06-18T05:08Z,Czech Republic,0.0,0.0005
2026-06-18T05:08Z,Haiti,0.0,0.0005
2026-06-18T05:08Z,Iran,0.0,0.0005
2026-06-18T05:08Z,Iraq,0.0,0.0005
2026-06-18T05:08Z,Jordan,0.0,0.0005
2026-06-18T05:08Z,New Zealand,0.0,0.0005
2026-06-18T05:08Z,Panama,0.0,0.0005
2026-06-18T05:08Z,Qatar,0.0,0.0005
2026-06-18T05:08Z,Saudi Arabia,0.0,0.0005
2026-06-18T05:08Z,South Africa,0.0,0.0005
2026-06-18T05:08Z,Tunisia,0.0,0.0005
2026-06-18T05:08Z,Uzbekistan,0.0,0.0005
2026-06-18T05:08Z,Ecuador,0.003,0.0045
2026-06-18T05:08Z,Canada,0.001,0.0025
2026-06-18T05:08Z,Algeria,0.0,0.0015
2026-06-18T05:08Z,Bosnia and Herzegovina,0.0,0.0015
2026-06-18T05:08Z,DR Congo,0.0,0.0015
2026-06-18T05:08Z,Ghana,0.0,0.0015
2026-06-18T05:08Z,Paraguay,0.0,0.0015
2026-06-18T05:08Z,Switzerland,0.007,0.0085
2026-06-18T05:08Z,Austria,0.002,0.0045
2026-06-18T05:08Z,South Korea,0.001,0.0035
2026-06-18T05:08Z,Egypt,0.0,0.0025
2026-06-18T05:08Z,Scotland,0.0,0.0025
2026-06-18T05:08Z,Uruguay,0.002,0.0065
2026-06-18T05:08Z,Ivory Coast,0.001,0.0055
2026-06-18T05:08Z,Sweden,0.001,0.0055
2026-06-18T05:08Z,Senegal,0.001,0.0065
2026-06-18T05:08Z,Netherlands,0.033,0.0395
2026-06-18T05:08Z,Japan,0.004,0.0165
2026-06-18T05:08Z,Mexico,0.001,0.0145
2026-06-18T05:08Z,Portugal,0.065,0.0805
2026-06-18T05:08Z,Brazil,0.051,0.0665
2026-06-18T05:08Z,Norway,0.008,0.0265
2026-06-18T05:08Z,United States,0.0,0.0225
2026-06-18T05:08Z,Germany,0.033,0.0565
2026-06-18T05:08Z,England,0.092,0.1285
2026-06-18T05:08Z,France,0.1,0.1845
2026-06-18T09:51Z,Argentina,0.262,0.1225
2026-06-18T09:51Z,Spain,0.224,0.1375
2026-06-18T09:51Z,Morocco,0.043,0.0235
2026-06-18T09:51Z,Colombia,0.027,0.0165
2026-06-18T09:51Z,Belgium,0.026,0.0165
2026-06-18T09:51Z,Croatia,0.008,0.0065
2026-06-18T09:51Z,Australia,0.004,0.0045
2026-06-18T09:51Z,Cape Verde,0.0,0.0005
2026-06-18T09:51Z,Curaçao,0.0,0.0005
2026-06-18T09:51Z,Czech Republic,0.0,0.0005
2026-06-18T09:51Z,Haiti,0.0,0.0005
2026-06-18T09:51Z,Iran,0.0,0.0005
2026-06-18T09:51Z,Iraq,0.0,0.0005
2026-06-18T09:51Z,Jordan,0.0,0.0005
2026-06-18T09:51Z,New Zealand,0.0,0.0005
2026-06-18T09:51Z,Panama,0.0,0.0005
2026-06-18T09:51Z,Qatar,0.0,0.0005
2026-06-18T09:51Z,Saudi Arabia,0.0,0.0005
2026-06-18T09:51Z,South Africa,0.0,0.0005
2026-06-18T09:51Z,Tunisia,0.0,0.0005
2026-06-18T09:51Z,Uzbekistan,0.0,0.0005
2026-06-18T09:51Z,Ecuador,0.003,0.0045
2026-06-18T09:51Z,Canada,0.001,0.0025
2026-06-18T09:51Z,Algeria,0.0,0.0015
2026-06-18T09:51Z,Bosnia and Herzegovina,0.0,0.0015
2026-06-18T09:51Z,DR Congo,0.0,0.0015
2026-06-18T09:51Z,Ghana,0.0,0.0015
2026-06-18T09:51Z,Paraguay,0.0,0.0015
2026-06-18T09:51Z,Switzerland,0.007,0.0085
2026-06-18T09:51Z,Austria,0.002,0.0045
2026-06-18T09:51Z,South Korea,0.001,0.0035
2026-06-18T09:51Z,Egypt,0.0,0.0025
2026-06-18T09:51Z,Scotland,0.0,0.0025
2026-06-18T09:51Z,Uruguay,0.002,0.0065
2026-06-18T09:51Z,Ivory Coast,0.001,0.0055
2026-06-18T09:51Z,Sweden,0.001,0.0055
2026-06-18T09:51Z,Senegal,0.001,0.0065
2026-06-18T09:51Z,Netherlands,0.033,0.0395
2026-06-18T09:51Z,Japan,0.004,0.0165
2026-06-18T09:51Z,Mexico,0.001,0.0135
2026-06-18T09:51Z,Portugal,0.065,0.0805
2026-06-18T09:51Z,Brazil,0.051,0.0665
2026-06-18T09:51Z,Norway,0.008,0.0265
2026-06-18T09:51Z,United States,0.0,0.0225
2026-06-18T09:51Z,Germany,0.033,0.0565
2026-06-18T09:51Z,England,0.092,0.1285
2026-06-18T09:51Z,France,0.1,0.1845
